		Biharamulo	Biharamulo	Bukoba DC	Bukoba DC	Karagwe	Karagwe	Kyerwa	Kyerwa	Misenyi	Misenyi	Muleba	Muleba	Ngara	Ngara	unweighted_avg
mutation	year	obs/pop	prev (CI)	obs/pop	prev (CI)	obs/pop	prev (CI)	obs/pop	prev (CI)	obs/pop	prev (CI)	obs/pop	prev (CI)	obs/pop	prev (CI)	avg. prev
mdr1-NFD1ANY	2021	5/20	25.0 (8.7-49.1)	17/35	48.6 (31.4-66.0)	44/118	37.3 (28.6-46.7)	49/99	49.5 (39.3-59.7)	8/25	32.0 (14.9-53.5)	81/149	54.4 (46.0-62.5)	57/129	44.2 (35.5-53.2)	41.6
mdr1-NFD1ANY	2022	-	-	-	-	77/152	50.7 (42.4-58.9)	-	-	-	-	39/62	62.9 (49.7-74.8)	37/78	47.4 (36.0-59.1)	53.7
mdr1-NFD1ANY	2023	16/56	28.6 (17.3-42.2)	74/140	52.9 (44.2-61.3)	17/64	26.6 (16.3-39.1)	70/133	52.6 (43.8-61.3)	52/93	55.9 (45.2-66.2)	88/184	47.8 (40.4-55.3)	110/208	52.9 (45.9-59.8)	45.3
mdr1-NFD1PUR	2021	0/20	0.0 (0.0-16.8)	6/35	17.1 (6.6-33.6)	29/118	24.6 (17.1-33.4)	38/99	38.4 (28.8-48.7)	4/25	16.0 (4.5-36.1)	44/149	29.5 (22.3-37.5)	30/129	23.3 (16.3-31.5)	21.3
mdr1-NFD1PUR	2022	-	-	-	-	40/152	26.3 (19.5-34.1)	-	-	-	-	32/62	51.6 (38.6-64.5)	28/78	35.9 (25.3-47.6)	37.9
mdr1-NFD1PUR	2023	14/56	25.0 (14.4-38.4)	49/140	35.0 (27.1-43.5)	12/64	18.8 (10.1-30.5)	53/133	39.8 (31.5-48.7)	23/93	24.7 (16.4-34.8)	65/184	35.3 (28.4-42.7)	68/208	32.7 (26.4-39.5)	30.2
sulfa-SUP1ANY	2021	0/20	0.0 (0.0-16.8)	1/35	2.9 (0.1-14.9)	12/94	12.8 (6.8-21.2)	18/85	21.2 (13.1-31.4)	1/25	4.0 (0.1-20.4)	0/141	0.0 (0.0-2.6)	1/113	0.9 (0.0-4.8)	6.0
sulfa-SUP1ANY	2022	-	-	-	-	17/155	11.0 (6.5-17.0)	-	-	-	-	0/69	0.0 (0.0-5.2)	10/90	11.1 (5.5-19.5)	7.4
sulfa-SUP1ANY	2023	0/57	0.0 (0.0-6.3)	3/145	2.1 (0.4-5.9)	3/66	4.5 (0.9-12.7)	10/128	7.8 (3.8-13.9)	2/95	2.1 (0.3-7.4)	1/186	0.5 (0.0-3.0)	8/214	3.7 (1.6-7.2)	3.0
sulfa-SUP1PUR	2021	0/20	0.0 (0.0-16.8)	1/35	2.9 (0.1-14.9)	7/94	7.4 (3.0-14.7)	9/85	10.6 (5.0-19.2)	1/25	4.0 (0.1-20.4)	0/141	0.0 (0.0-2.6)	1/113	0.9 (0.0-4.8)	3.7
sulfa-SUP1PUR	2022	-	-	-	-	4/155	2.6 (0.7-6.5)	-	-	-	-	0/69	0.0 (0.0-5.2)	8/90	8.9 (3.9-16.8)	3.8
sulfa-SUP1PUR	2023	0/57	0.0 (0.0-6.3)	1/145	0.7 (0.0-3.8)	1/66	1.5 (0.0-8.2)	7/128	5.5 (2.2-10.9)	1/95	1.1 (0.0-5.7)	0/186	0.0 (0.0-2.0)	1/214	0.5 (0.0-2.6)	1.3
