Gene ID,PF3D7_1343700,PF3D7_1343700,PF3D7_1343700,PF3D7_1343700,PF3D7_1343700,PF3D7_1343700,PF3D7_1343700,PF3D7_1343700,PF3D7_1343700,PF3D7_1343700,PF3D7_1343700,PF3D7_1343700,PF3D7_1343700,PF3D7_1343700,PF3D7_1343700
Gene,k13,k13,k13,k13,k13,k13,k13,k13,k13,k13,k13,k13,k13,k13,k13
Mutation Name,k13-Ile352Thr,k13-His384Arg,k13-Pro419Ser,k13-Ser423Cys,k13-Ser425Cys,k13-Leu429Met,k13-Val520Ile,k13-Cys532Ser,k13-Val555Ala,k13-Arg622Thr,k13-Val666Leu,k13-Pro667Arg,k13-Pro667Ser,k13-Pro667Thr,k13-Phe699Cys
ExonicFunc,missense_variant,missense_variant,missense_variant,missense_variant,missense_variant,missense_variant,missense_variant,missense_variant,missense_variant,missense_variant,missense_variant,missense_variant,missense_variant,missense_variant,missense_variant
AA Change,Ile352Thr,His384Arg,Pro419Ser,Ser423Cys,Ser425Cys,Leu429Met,Val520Ile,Cys532Ser,Val555Ala,Arg622Thr,Val666Leu,Pro667Arg,Pro667Ser,Pro667Thr,Phe699Cys
Targeted,No,No,No,No,No,No,No,No,No,No,No,No,No,No,No
KGKA-BKG-056-2021-MSMT-1,1.0,3.0,16.0,16.0,16.0,13.0,6.0,18.0,12.0,10.0,5.0,6.0,6.0,6.0,1.0
KGKY-RWB-177-2021-MSMT-1,2.0,13.0,33.0,33.0,33.0,20.0,14.0,22.0,8.0,27.0,7.0,11.0,11.0,11.0,4.0
KGKY-RWB-031-2021-MSMT-1,235.0,148.0,616.0,616.0,616.0,468.0,236.0,358.0,122.0,360.0,181.0,494.0,494.0,494.0,313.0
KGBI-KZB-004-2021-MSMT-1,0.0,0.0,0.0,0.0,0.0,0.0,0.0,0.0,0.0,1.0,0.0,1.0,1.0,1.0,1.0
KGMU-NSB-192-2021-MSMT-1,6.0,4.0,29.0,29.0,29.0,25.0,12.0,24.0,12.0,17.0,4.0,10.0,10.0,10.0,6.0
KGMU-NSB-185-2021-MSMT-1,45.0,66.0,139.0,139.0,139.0,73.0,66.0,133.0,67.0,135.0,64.0,130.0,130.0,130.0,66.0
KGBR-BUZ-017-2021-MSMT-1,10.0,11.0,20.0,20.0,20.0,9.0,7.0,12.0,5.0,13.0,7.0,17.0,17.0,17.0,10.0
KGNG-CVU-142-2021-MSMT-1,2.0,9.0,18.0,18.0,18.0,9.0,5.0,8.0,3.0,11.0,6.0,11.0,11.0,11.0,5.0
KGKY-RWB-043-2021-MSMT-1,203.0,236.0,932.0,932.0,932.0,696.0,429.0,759.0,330.0,639.0,268.0,664.0,664.0,664.0,396.0
KGNG-CVU-022-2021-MSMT-1,124.0,70.0,230.0,230.0,230.0,160.0,82.0,124.0,42.0,127.0,79.0,164.0,164.0,164.0,85.0
KGKA-BKG-223-2021-MSMT-1,2.0,7.0,25.0,25.0,25.0,18.0,19.0,38.0,19.0,24.0,5.0,13.0,13.0,13.0,8.0
KGKY-RWB-139-2021-MSMT-1,209.0,222.0,535.0,535.0,535.0,313.0,263.0,491.0,228.0,539.0,243.0,510.0,510.0,510.0,267.0
KGNG-CVU-167-2021-MSMT-1,6.0,7.0,22.0,22.0,22.0,15.0,5.0,22.0,17.0,38.0,33.0,52.0,52.0,52.0,19.0
KGMU-NSB-186-2021-MSMT-1,6.0,12.0,20.0,20.0,20.0,8.0,6.0,10.0,4.0,18.0,7.0,21.0,21.0,21.0,14.0
KGKA-BKG-163-2021-MSMT-1,2.0,9.0,22.0,22.0,22.0,13.0,11.0,17.0,6.0,16.0,8.0,9.0,9.0,9.0,1.0
KGNG-CVU-037-2021-MSMT-1,15.0,10.0,36.0,36.0,36.0,26.0,15.0,19.0,4.0,27.0,16.0,32.0,32.0,32.0,16.0
KGKY-RWB-026-2021-MSMT-1,44.0,35.0,86.0,86.0,86.0,51.0,34.0,68.0,34.0,61.0,36.0,77.0,77.0,77.0,41.0
KGKY-RWB-149-2021-MSMT-1,1.0,1.0,2.0,2.0,2.0,1.0,1.0,2.0,1.0,4.0,2.0,4.0,4.0,4.0,2.0
KGMU-NSB-333-2021-MSMT-1,0.0,1.0,1.0,1.0,1.0,0.0,10.0,14.0,4.0,5.0,0.0,1.0,1.0,1.0,1.0
KGMU-NSB-265-2021-MSMT-1,150.0,169.0,550.0,550.0,550.0,381.0,262.0,411.0,149.0,461.0,187.0,421.0,421.0,421.0,234.0
KGNG-NTG-009-2021-MSMT-1,74.0,47.0,272.0,272.0,272.0,225.0,103.0,186.0,83.0,127.0,46.0,190.0,190.0,190.0,144.0
KGNG-CVU-009-2021-MSMT-1,0.0,0.0,0.0,0.0,0.0,0.0,1.0,1.0,0.0,2.0,0.0,2.0,2.0,2.0,2.0
KGMU-NSB-347-2021-MSMT-1,11.0,9.0,29.0,29.0,29.0,20.0,5.0,11.0,6.0,21.0,13.0,25.0,25.0,25.0,12.0
KGMU-NSB-349-2021-MSMT-1,0.0,0.0,0.0,0.0,0.0,0.0,1.0,1.0,0.0,0.0,0.0,0.0,0.0,0.0,0.0
KGMU-NSB-327-2021-MSMT-1,2.0,8.0,12.0,12.0,12.0,4.0,5.0,9.0,4.0,17.0,10.0,18.0,18.0,18.0,8.0
KGMI-KYK-021-2021-MSMT-1,21.0,29.0,60.0,60.0,60.0,31.0,29.0,48.0,19.0,57.0,27.0,66.0,66.0,66.0,39.0
KGMU-RSW-028-2021-MSMT-1,0.0,0.0,0.0,0.0,0.0,0.0,0.0,0.0,0.0,0.0,0.0,0.0,0.0,0.0,0.0
KGKY-RWB-107-2021-MSMT-1,7.0,0.0,5.0,5.0,5.0,5.0,6.0,9.0,3.0,6.0,4.0,9.0,9.0,9.0,5.0
KGKY-RWB-009-2021-MSMT-1,0.0,0.0,0.0,0.0,0.0,0.0,0.0,0.0,0.0,0.0,0.0,0.0,0.0,0.0,0.0
KGKA-BKG-218-2021-MSMT-1,3.0,5.0,16.0,16.0,16.0,11.0,12.0,15.0,3.0,21.0,7.0,8.0,8.0,8.0,1.0
KGNG-CVU-209-2021-MSMT-1,0.0,0.0,2.0,2.0,2.0,2.0,0.0,4.0,4.0,0.0,0.0,0.0,0.0,0.0,0.0
KGKA-BKG-059-2021-MSMT-1,0.0,2.0,2.0,2.0,2.0,0.0,0.0,0.0,0.0,1.0,0.0,0.0,0.0,0.0,0.0
KGMU-NSB-202-2021-MSMT-1,6.0,4.0,18.0,18.0,18.0,14.0,8.0,14.0,6.0,11.0,6.0,12.0,12.0,12.0,6.0
KGBR-BTU-062-2021-MSMT-1,2.0,0.0,1.0,1.0,1.0,1.0,1.0,2.0,1.0,1.0,0.0,1.0,1.0,1.0,1.0
KGMI-KYK-065-2021-MSMT-1,39.0,52.0,148.0,148.0,148.0,96.0,74.0,133.0,59.0,114.0,53.0,113.0,113.0,113.0,60.0
KGKA-BKG-245-2021-MSMT-1,1.0,1.0,2.0,2.0,2.0,1.0,0.0,0.0,0.0,0.0,0.0,0.0,0.0,0.0,0.0
KGBR-BTU-078-2021-MSMT-1,9.0,11.0,20.0,20.0,20.0,9.0,7.0,10.0,3.0,7.0,2.0,7.0,7.0,7.0,5.0
KGMI-KYK-073-2021-MSMT-1,6.0,5.0,11.0,11.0,11.0,6.0,7.0,12.0,5.0,9.0,3.0,10.0,10.0,10.0,7.0
KGNG-NTG-027-2021-MSMT-1,146.0,93.0,422.0,422.0,422.0,329.0,153.0,232.0,79.0,203.0,123.0,353.0,353.0,353.0,230.0
KGKY-RWB-180-2021-MSMT-1,1.0,0.0,0.0,0.0,0.0,0.0,0.0,1.0,1.0,0.0,0.0,0.0,0.0,0.0,0.0
KGKA-BKG-233-2021-MSMT-1,89.0,111.0,230.0,230.0,230.0,119.0,159.0,278.0,119.0,288.0,121.0,253.0,253.0,253.0,132.0
KGMU-NSB-231-2021-MSMT-1,12.0,12.0,34.0,34.0,34.0,22.0,13.0,22.0,9.0,12.0,2.0,18.0,18.0,18.0,16.0
KGMU-NSB-281-2021-MSMT-1,0.0,0.0,0.0,0.0,0.0,0.0,0.0,0.0,0.0,0.0,0.0,1.0,1.0,1.0,1.0
KGNG-CVU-135-2021-MSMT-1,0.0,0.0,0.0,0.0,0.0,0.0,0.0,0.0,0.0,0.0,0.0,0.0,0.0,0.0,0.0
KGBR-BTU-010-2021-MSMT-1,0.0,0.0,0.0,0.0,0.0,0.0,1.0,1.0,0.0,0.0,0.0,0.0,0.0,0.0,0.0
KGMU-NSB-045-2021-MSMT-1,6.0,2.0,7.0,7.0,7.0,5.0,7.0,9.0,2.0,12.0,6.0,13.0,13.0,13.0,7.0
KGNG-NTG-006-2021-MSMT-1,7.0,10.0,45.0,45.0,45.0,35.0,29.0,57.0,28.0,44.0,9.0,18.0,18.0,18.0,9.0
KGMU-NSB-006-2021-MSMT-1,0.0,1.0,1.0,1.0,1.0,0.0,1.0,1.0,0.0,1.0,0.0,0.0,0.0,0.0,0.0
KGKA-BKG-018-2021-MSMT-1,38.0,20.0,75.0,75.0,75.0,55.0,29.0,40.0,11.0,36.0,23.0,59.0,59.0,59.0,36.0
KGNG-CVU-190-2021-MSMT-1,5.0,2.0,7.0,7.0,7.0,5.0,5.0,6.0,1.0,7.0,2.0,7.0,7.0,7.0,5.0
KGNG-CVU-061-2021-MSMT-1,90.0,104.0,244.0,244.0,244.0,140.0,124.0,255.0,131.0,260.0,143.0,292.0,292.0,292.0,149.0
KGNG-CVU-206-2021-MSMT-1,0.0,2.0,7.0,7.0,7.0,5.0,5.0,13.0,8.0,11.0,1.0,2.0,2.0,2.0,1.0
KGMU-NSB-201-2021-MSMT-1,9.0,13.0,40.0,40.0,40.0,27.0,27.0,46.0,19.0,37.0,3.0,8.0,8.0,8.0,5.0
KGKY-RUG-035-2021-MSMT-1,26.0,14.0,39.0,39.0,39.0,25.0,14.0,24.0,10.0,26.0,18.0,37.0,37.0,37.0,19.0
KGMU-NSB-272-2021-MSMT-1,3.0,6.0,12.0,12.0,12.0,6.0,8.0,11.0,3.0,13.0,4.0,9.0,9.0,9.0,5.0
KGKA-BKG-241-2021-MSMT-1,2.0,5.0,7.0,7.0,7.0,2.0,13.0,19.0,6.0,13.0,7.0,8.0,8.0,8.0,1.0
KGNG-CVU-227-2021-MSMT-1,0.0,0.0,0.0,0.0,0.0,0.0,0.0,0.0,0.0,0.0,0.0,0.0,0.0,0.0,0.0
KGMI-KYK-034-2021-MSMT-1,347.0,267.0,1023.0,1023.0,1023.0,756.0,372.0,659.0,287.0,571.0,360.0,885.0,885.0,885.0,525.0
KGKA-BKG-093-2021-MSMT-1,51.0,89.0,189.0,189.0,189.0,100.0,113.0,202.0,89.0,200.0,92.0,170.0,170.0,170.0,78.0
KGKY-RWB-059-2021-MSMT-1,0.0,0.0,0.0,0.0,0.0,0.0,0.0,0.0,0.0,0.0,0.0,0.0,0.0,0.0,0.0
KGNG-CVU-201-2021-MSMT-1,0.0,2.0,15.0,15.0,15.0,13.0,4.0,12.0,8.0,13.0,1.0,7.0,7.0,7.0,6.0
KGBI-KZB-054-2021-MSMT-1,176.0,171.0,533.0,533.0,533.0,362.0,211.0,379.0,168.0,294.0,182.0,412.0,412.0,412.0,230.0
KGKA-BKG-275-2021-MSMT-1,16.0,15.0,37.0,37.0,37.0,22.0,13.0,28.0,15.0,48.0,12.0,23.0,23.0,23.0,11.0
KGKY-RWB-194-2021-MSMT-1,7.0,8.0,22.0,22.0,22.0,14.0,14.0,26.0,12.0,16.0,5.0,6.0,6.0,6.0,1.0
KGMU-NSB-286-2021-MSMT-1,11.0,6.0,16.0,16.0,16.0,10.0,4.0,12.0,8.0,16.0,11.0,24.0,24.0,24.0,13.0
KGKY-RUG-024-2021-MSMT-1,174.0,115.0,360.0,360.0,360.0,246.0,120.0,194.0,74.0,200.0,133.0,336.0,336.0,336.0,203.0
KGKY-RUG-053-2021-MSMT-1,56.0,87.0,183.0,183.0,183.0,96.0,98.0,191.0,93.0,194.0,89.0,202.0,202.0,202.0,113.0
KGKY-RWB-178-2021-MSMT-1,10.0,7.0,28.0,28.0,28.0,21.0,25.0,34.0,9.0,21.0,6.0,8.0,8.0,8.0,2.0
KGBR-BUZ-007-2021-MSMT-1,3.0,3.0,7.0,7.0,7.0,4.0,1.0,2.0,1.0,3.0,2.0,3.0,3.0,3.0,1.0
KGNG-CVU-244-2021-MSMT-1,1.0,3.0,22.0,22.0,22.0,19.0,9.0,22.0,13.0,29.0,4.0,5.0,5.0,5.0,1.0
KGMU-NSB-307-2021-MSMT-1,22.0,13.0,46.0,46.0,46.0,33.0,16.0,33.0,17.0,41.0,19.0,37.0,37.0,37.0,18.0
KGBR-BTU-050-2021-MSMT-1,125.0,93.0,341.0,341.0,341.0,248.0,112.0,184.0,72.0,167.0,104.0,260.0,260.0,260.0,156.0
KGNG-CVU-186-2021-MSMT-1,4.0,8.0,14.0,14.0,14.0,6.0,4.0,11.0,7.0,6.0,4.0,11.0,11.0,11.0,7.0
KGNG-CVU-131-2021-MSMT-1,0.0,4.0,14.0,14.0,14.0,10.0,20.0,42.0,22.0,29.0,8.0,14.0,14.0,14.0,6.0
KGNG-CVU-132-2021-MSMT-1,0.0,0.0,0.0,0.0,0.0,0.0,0.0,0.0,0.0,0.0,0.0,0.0,0.0,0.0,0.0
KGKA-BKG-200-2021-MSMT-1,0.0,3.0,13.0,13.0,13.0,10.0,12.0,18.0,6.0,14.0,2.0,4.0,4.0,4.0,2.0
KGMU-NSB-339-2021-MSMT-1,23.0,22.0,60.0,60.0,60.0,38.0,23.0,42.0,19.0,42.0,24.0,67.0,67.0,67.0,43.0
KGKA-BKG-117-2021-MSMT-1,12.0,13.0,39.0,39.0,39.0,26.0,21.0,36.0,15.0,31.0,9.0,19.0,19.0,19.0,10.0
KGMU-NSB-306-2021-MSMT-1,0.0,1.0,6.0,6.0,6.0,5.0,7.0,11.0,4.0,9.0,0.0,3.0,3.0,3.0,3.0
KGKY-RUG-045-2021-MSMT-1,0.0,0.0,0.0,0.0,0.0,0.0,0.0,0.0,0.0,1.0,0.0,0.0,0.0,0.0,0.0
KGKY-RWB-125-2021-MSMT-1,0.0,0.0,0.0,0.0,0.0,0.0,0.0,0.0,0.0,1.0,1.0,1.0,1.0,1.0,0.0
KGNG-CVU-185-2021-MSMT-1,7.0,4.0,13.0,13.0,13.0,9.0,6.0,6.0,0.0,9.0,9.0,15.0,15.0,15.0,6.0
KGBR-BTU-031-2021-MSMT-1,418.0,263.0,842.0,842.0,842.0,579.0,280.0,456.0,176.0,450.0,314.0,687.0,687.0,687.0,373.0
KGNG-CVU-127-2021-MSMT-1,1.0,1.0,3.0,3.0,3.0,2.0,5.0,6.0,1.0,2.0,2.0,3.0,3.0,3.0,1.0
KGKA-BKG-045-2021-MSMT-1,195.0,105.0,374.0,374.0,374.0,269.0,135.0,209.0,74.0,213.0,129.0,328.0,328.0,328.0,199.0
KGBR-BTU-021-2021-MSMT-1,0.0,0.0,0.0,0.0,0.0,0.0,0.0,0.0,0.0,0.0,0.0,0.0,0.0,0.0,0.0
KGNG-CVU-114-2021-MSMT-1,2.0,4.0,22.0,22.0,22.0,18.0,16.0,38.0,22.0,30.0,7.0,15.0,15.0,15.0,8.0
KGNG-CVU-261-2021-MSMT-1,0.0,0.0,0.0,0.0,0.0,0.0,0.0,0.0,0.0,0.0,0.0,0.0,0.0,0.0,0.0
KGKA-BKG-139-2021-MSMT-1,0.0,0.0,0.0,0.0,0.0,0.0,0.0,0.0,0.0,0.0,0.0,1.0,1.0,1.0,1.0
KGMU-NSB-316-2021-MSMT-1,47.0,69.0,144.0,144.0,144.0,75.0,65.0,125.0,60.0,150.0,79.0,155.0,155.0,155.0,76.0
KGKY-RUG-068-2021-MSMT-1,17.0,20.0,57.0,57.0,57.0,37.0,32.0,38.0,6.0,41.0,26.0,56.0,56.0,56.0,30.0
KGMU-NSB-309-2021-MSMT-1,0.0,1.0,4.0,4.0,4.0,3.0,1.0,5.0,4.0,6.0,1.0,3.0,3.0,3.0,2.0
KGMI-KYK-004-2021-MSMT-1,6.0,4.0,7.0,7.0,7.0,3.0,1.0,2.0,1.0,8.0,3.0,7.0,7.0,7.0,4.0
KGMU-NSB-357-2021-MSMT-1,177.0,227.0,468.0,468.0,468.0,241.0,289.0,502.0,213.0,497.0,261.0,524.0,524.0,524.0,263.0
KGMU-NSB-293-2021-MSMT-1,0.0,0.0,0.0,0.0,0.0,0.0,1.0,5.0,4.0,3.0,0.0,0.0,0.0,0.0,0.0
KGMU-NSB-318-2021-MSMT-1,64.0,88.0,173.0,173.0,173.0,85.0,108.0,198.0,90.0,156.0,70.0,172.0,172.0,172.0,102.0
KGKA-BKG-273-2021-MSMT-1,7.0,11.0,41.0,41.0,41.0,30.0,29.0,62.0,33.0,39.0,9.0,18.0,18.0,18.0,9.0
KGMU-NSB-214-2021-MSMT-1,0.0,0.0,0.0,0.0,0.0,0.0,0.0,0.0,0.0,0.0,0.0,0.0,0.0,0.0,0.0
KGMU-NSB-271-2021-MSMT-1,5.0,5.0,17.0,17.0,17.0,12.0,10.0,15.0,5.0,17.0,10.0,14.0,14.0,14.0,4.0
KGBR-BTU-077-2021-MSMT-1,12.0,7.0,36.0,36.0,36.0,29.0,14.0,20.0,6.0,18.0,4.0,29.0,29.0,29.0,25.0
KGBI-KZB-044-2021-MSMT-1,17.0,12.0,32.0,32.0,32.0,20.0,18.0,32.0,14.0,25.0,18.0,35.0,35.0,35.0,17.0
KGMU-NSB-247-2021-MSMT-1,81.0,53.0,178.0,178.0,178.0,125.0,67.0,108.0,41.0,111.0,51.0,125.0,125.0,125.0,74.0
KGKA-BKG-074-2021-MSMT-1,2.0,13.0,37.0,37.0,37.0,24.0,19.0,38.0,19.0,27.0,8.0,15.0,15.0,15.0,7.0
KGKA-BKG-110-2021-MSMT-1,8.0,13.0,39.0,39.0,39.0,26.0,26.0,41.0,15.0,27.0,7.0,14.0,14.0,14.0,7.0
KGMU-NSB-022-2021-MSMT-1,89.0,59.0,190.0,190.0,190.0,131.0,62.0,89.0,27.0,100.0,64.0,167.0,167.0,167.0,103.0
KGKA-BKG-083-2021-MSMT-1,0.0,0.0,0.0,0.0,0.0,0.0,0.0,1.0,1.0,0.0,0.0,0.0,0.0,0.0,0.0
KGKY-RUG-044-2021-MSMT-1,0.0,0.0,0.0,0.0,0.0,0.0,0.0,0.0,0.0,0.0,0.0,0.0,0.0,0.0,0.0
KGNG-CVU-187-2021-MSMT-1,0.0,0.0,0.0,0.0,0.0,0.0,1.0,1.0,0.0,2.0,0.0,0.0,0.0,0.0,0.0
KGNG-CVU-241-2021-MSMT-1,52.0,30.0,92.0,92.0,92.0,62.0,21.0,44.0,23.0,54.0,36.0,87.0,87.0,87.0,51.0
KGKA-BKG-226-2021-MSMT-1,3.0,6.0,29.0,29.0,29.0,23.0,17.0,27.0,10.0,22.0,7.0,14.0,14.0,14.0,7.0
KGKY-RWB-014-2021-MSMT-1,21.0,14.0,55.0,55.0,55.0,41.0,16.0,19.0,3.0,30.0,15.0,41.0,41.0,41.0,26.0
KGKY-RWB-162-2021-MSMT-1,1.0,5.0,12.0,12.0,12.0,7.0,9.0,12.0,3.0,13.0,0.0,2.0,2.0,2.0,2.0
KGNG-CVU-058-2021-MSMT-1,0.0,0.0,2.0,2.0,2.0,2.0,4.0,6.0,2.0,5.0,0.0,0.0,0.0,0.0,0.0
KGKY-RWB-037-2021-MSMT-1,70.0,44.0,136.0,136.0,136.0,92.0,56.0,85.0,29.0,100.0,55.0,137.0,137.0,137.0,82.0
KGMI-KYK-053-2021-MSMT-1,0.0,0.0,0.0,0.0,0.0,0.0,0.0,0.0,0.0,0.0,0.0,0.0,0.0,0.0,0.0
KGMU-RSW-016-2021-MSMT-1,238.0,158.0,821.0,821.0,821.0,663.0,329.0,559.0,230.0,434.0,209.0,630.0,630.0,630.0,421.0
KGKA-BKG-107-2021-MSMT-1,22.0,20.0,46.0,46.0,46.0,26.0,27.0,50.0,23.0,42.0,25.0,45.0,45.0,45.0,20.0
KGKY-RWB-012-2021-MSMT-1,1.0,0.0,0.0,0.0,0.0,0.0,1.0,2.0,1.0,2.0,1.0,2.0,2.0,2.0,1.0
KGKY-RUG-056-2021-MSMT-1,1.0,2.0,5.0,5.0,5.0,3.0,1.0,4.0,3.0,4.0,1.0,2.0,2.0,2.0,1.0
KGBI-KZB-045-2021-MSMT-1,1.0,0.0,0.0,0.0,0.0,0.0,0.0,0.0,0.0,0.0,0.0,0.0,0.0,0.0,0.0
KGNG-NTG-024-2021-MSMT-1,0.0,0.0,2.0,2.0,2.0,2.0,0.0,0.0,0.0,1.0,1.0,3.0,3.0,3.0,2.0
KGNG-CVU-157-2021-MSMT-1,65.0,52.0,120.0,120.0,120.0,68.0,37.0,66.0,29.0,57.0,33.0,97.0,97.0,97.0,64.0
KGNG-CVU-034-2021-MSMT-1,12.0,7.0,26.0,26.0,26.0,19.0,10.0,14.0,4.0,19.0,13.0,25.0,25.0,25.0,12.0
KGKA-BKG-039-2021-MSMT-1,0.0,0.0,0.0,0.0,0.0,0.0,0.0,0.0,0.0,0.0,0.0,0.0,0.0,0.0,0.0
KGKY-RWB-173-2021-MSMT-1,26.0,37.0,70.0,70.0,70.0,33.0,41.0,63.0,22.0,77.0,40.0,79.0,79.0,79.0,39.0
KGNG-CVU-225-2021-MSMT-1,0.0,1.0,7.0,7.0,7.0,6.0,7.0,11.0,4.0,10.0,3.0,5.0,5.0,5.0,2.0
KGKA-BKG-042-2021-MSMT-1,333.0,259.0,1015.0,1015.0,1015.0,756.0,344.0,574.0,230.0,533.0,339.0,828.0,828.0,828.0,489.0
KGKY-RUG-046-2021-MSMT-1,17.0,13.0,38.0,38.0,38.0,25.0,14.0,23.0,9.0,19.0,9.0,22.0,22.0,22.0,13.0
KGMI-KYK-084-2021-MSMT-1,0.0,0.0,0.0,0.0,0.0,0.0,0.0,0.0,0.0,0.0,0.0,0.0,0.0,0.0,0.0
KGKA-BKG-173-2021-MSMT-1,4.0,11.0,38.0,38.0,38.0,27.0,28.0,67.0,39.0,42.0,20.0,30.0,30.0,30.0,10.0
KGNG-CVU-164-2021-MSMT-1,2.0,3.0,12.0,12.0,12.0,9.0,7.0,15.0,8.0,20.0,4.0,7.0,7.0,7.0,3.0
KGMU-NSB-030-2021-MSMT-1,3.0,2.0,6.0,6.0,6.0,4.0,1.0,5.0,4.0,8.0,5.0,9.0,9.0,9.0,4.0
KGMU-NSB-280-2021-MSMT-1,10.0,3.0,13.0,13.0,13.0,10.0,7.0,14.0,7.0,14.0,6.0,11.0,11.0,11.0,5.0
KGMU-NSB-170-2021-MSMT-1,3.0,2.0,4.0,4.0,4.0,2.0,3.0,5.0,2.0,6.0,1.0,3.0,3.0,3.0,2.0
KGMU-NSB-026-2021-MSMT-1,37.0,31.0,79.0,79.0,79.0,48.0,30.0,42.0,12.0,35.0,22.0,63.0,63.0,63.0,41.0
KGMU-NSB-075-2021-MSMT-1,35.0,40.0,82.0,82.0,82.0,42.0,43.0,92.0,49.0,87.0,38.0,83.0,83.0,83.0,45.0
KGNG-CVU-236-2021-MSMT-1,1.0,6.0,18.0,18.0,18.0,12.0,19.0,37.0,18.0,32.0,3.0,10.0,10.0,10.0,7.0
KGMU-NSB-334-2021-MSMT-1,0.0,0.0,5.0,5.0,5.0,5.0,10.0,14.0,4.0,9.0,2.0,3.0,3.0,3.0,1.0
KGNG-CVU-155-2021-MSMT-1,155.0,126.0,377.0,377.0,377.0,251.0,142.0,216.0,74.0,224.0,113.0,289.0,289.0,289.0,176.0
KGBR-BUZ-012-2021-MSMT-1,363.0,225.0,886.0,886.0,886.0,661.0,269.0,477.0,208.0,491.0,329.0,758.0,758.0,758.0,429.0
KGMU-NSB-342-2021-MSMT-1,247.0,279.0,651.0,651.0,651.0,372.0,369.0,712.0,343.0,712.0,328.0,670.0,670.0,670.0,342.0
KGKY-RUG-047-2021-MSMT-1,21.0,16.0,45.0,45.0,45.0,29.0,20.0,30.0,10.0,29.0,21.0,40.0,40.0,40.0,19.0
KGMU-RSW-008-2021-MSMT-1,137.0,69.0,379.0,379.0,379.0,311.0,165.0,286.0,121.0,226.0,121.0,338.0,338.0,338.0,217.0
KGKA-BKG-225-2021-MSMT-1,0.0,2.0,8.0,8.0,8.0,6.0,5.0,16.0,11.0,17.0,6.0,8.0,8.0,8.0,2.0
KGKY-RUG-063-2021-MSMT-1,6.0,10.0,38.0,38.0,38.0,27.0,16.0,40.0,24.0,32.0,9.0,20.0,20.0,20.0,11.0
KGNG-NTG-048-2021-MSMT-1,236.0,218.0,744.0,744.0,744.0,526.0,317.0,557.0,240.0,491.0,251.0,567.0,567.0,567.0,316.0
KGKY-RWB-065-2021-MSMT-1,17.0,13.0,36.0,36.0,36.0,23.0,12.0,23.0,11.0,25.0,17.0,35.0,35.0,35.0,18.0
KGNG-CVU-046-2021-MSMT-1,0.0,0.0,0.0,0.0,0.0,0.0,0.0,0.0,0.0,1.0,1.0,1.0,1.0,1.0,0.0
KGKA-BKG-252-2021-MSMT-1,2.0,2.0,2.0,2.0,2.0,0.0,5.0,8.0,3.0,11.0,5.0,7.0,7.0,7.0,2.0
KGMI-KYK-076-2021-MSMT-1,25.0,10.0,53.0,53.0,53.0,43.0,28.0,45.0,17.0,41.0,18.0,59.0,59.0,59.0,41.0
KGMU-NSB-296-2021-MSMT-1,0.0,0.0,1.0,1.0,1.0,1.0,0.0,0.0,0.0,0.0,0.0,0.0,0.0,0.0,0.0
KGKA-BKG-051-2021-MSMT-1,1.0,6.0,20.0,20.0,20.0,14.0,9.0,20.0,11.0,13.0,1.0,5.0,5.0,5.0,4.0
KGKA-BKG-238-2021-MSMT-1,3.0,2.0,10.0,10.0,10.0,8.0,7.0,12.0,5.0,15.0,7.0,20.0,20.0,20.0,13.0
KGKY-RUG-077-2021-MSMT-1,0.0,0.0,0.0,0.0,0.0,0.0,0.0,0.0,0.0,0.0,0.0,0.0,0.0,0.0,0.0
KGKA-BKG-253-2021-MSMT-1,0.0,0.0,0.0,0.0,0.0,0.0,0.0,0.0,0.0,0.0,0.0,0.0,0.0,0.0,0.0
KGKY-RWB-198-2021-MSMT-1,0.0,0.0,0.0,0.0,0.0,0.0,1.0,1.0,0.0,0.0,0.0,0.0,0.0,0.0,0.0
KGNG-CVU-008-2021-MSMT-1,214.0,192.0,813.0,813.0,813.0,621.0,367.0,661.0,294.0,572.0,249.0,600.0,600.0,600.0,351.0
KGMU-NSB-010-2021-MSMT-1,0.0,2.0,2.0,2.0,2.0,0.0,1.0,2.0,1.0,1.0,0.0,0.0,0.0,0.0,0.0
KGMU-NSB-292-2021-MSMT-1,0.0,4.0,18.0,18.0,18.0,14.0,6.0,14.0,8.0,9.0,1.0,6.0,6.0,6.0,5.0
KGNG-CVU-175-2021-MSMT-1,0.0,1.0,4.0,4.0,4.0,3.0,6.0,8.0,2.0,5.0,3.0,4.0,4.0,4.0,1.0
KGMU-NSB-237-2021-MSMT-1,4.0,5.0,15.0,15.0,15.0,10.0,4.0,11.0,7.0,12.0,8.0,8.0,8.0,8.0,0.0
KGKY-RWB-191-2021-MSMT-1,8.0,9.0,32.0,32.0,32.0,23.0,18.0,32.0,14.0,32.0,9.0,19.0,19.0,19.0,10.0
KGKY-RUG-076-2021-MSMT-1,14.0,6.0,12.0,12.0,12.0,6.0,13.0,22.0,9.0,24.0,14.0,31.0,31.0,31.0,17.0
KGNG-CVU-148-2021-MSMT-1,39.0,22.0,57.0,57.0,57.0,35.0,20.0,39.0,19.0,34.0,24.0,55.0,55.0,55.0,31.0
KGNG-NTG-028-2021-MSMT-1,139.0,89.0,475.0,475.0,475.0,386.0,179.0,303.0,124.0,278.0,137.0,375.0,375.0,375.0,238.0
KGKA-BKG-013-2021-MSMT-1,0.0,0.0,0.0,0.0,0.0,0.0,0.0,0.0,0.0,0.0,0.0,0.0,0.0,0.0,0.0
KGKA-BKG-048-2021-MSMT-1,68.0,39.0,201.0,201.0,201.0,162.0,75.0,125.0,50.0,112.0,62.0,174.0,174.0,174.0,112.0
KGNG-NTG-041-2021-MSMT-1,0.0,1.0,3.0,3.0,3.0,2.0,1.0,3.0,2.0,1.0,0.0,1.0,1.0,1.0,1.0
KGKY-RWB-093-2021-MSMT-1,1.0,0.0,2.0,2.0,2.0,2.0,13.0,17.0,4.0,6.0,0.0,2.0,2.0,2.0,2.0
KGMU-NSB-215-2021-MSMT-1,0.0,0.0,0.0,0.0,0.0,0.0,0.0,0.0,0.0,1.0,1.0,1.0,1.0,1.0,0.0
KGBR-BUZ-021-2021-MSMT-1,43.0,27.0,91.0,91.0,91.0,64.0,39.0,56.0,17.0,63.0,46.0,107.0,107.0,107.0,61.0
KGMU-NSB-032-2021-MSMT-1,235.0,162.0,773.0,773.0,773.0,611.0,288.0,522.0,234.0,426.0,219.0,557.0,557.0,557.0,338.0
KGKY-BKG-190-2021-MSMT-1,2.0,7.0,32.0,32.0,32.0,25.0,16.0,29.0,13.0,28.0,5.0,11.0,11.0,11.0,6.0
KGKY-RWB-070-2021-MSMT-1,0.0,0.0,2.0,2.0,2.0,2.0,1.0,1.0,0.0,1.0,0.0,1.0,1.0,1.0,1.0
KGMU-RSW-038-2021-MSMT-1,440.0,397.0,1352.0,1352.0,1352.0,955.0,448.0,831.0,383.0,804.0,515.0,1135.0,1135.0,1135.0,620.0
KGKA-BKG-007-2021-MSMT-1,0.0,0.0,0.0,0.0,0.0,0.0,0.0,0.0,0.0,0.0,0.0,1.0,1.0,1.0,1.0
KGMU-NSB-044-2021-MSMT-1,255.0,152.0,653.0,653.0,653.0,501.0,269.0,438.0,169.0,387.0,239.0,563.0,563.0,563.0,324.0
KGNG-CVU-124-2021-MSMT-1,1.0,5.0,27.0,27.0,27.0,22.0,23.0,54.0,31.0,39.0,6.0,12.0,12.0,12.0,6.0
KGNG-NTG-017-2021-MSMT-1,7.0,2.0,10.0,10.0,10.0,8.0,10.0,20.0,10.0,16.0,9.0,18.0,18.0,18.0,9.0
KGKA-BKG-022-2021-MSMT-1,0.0,0.0,0.0,0.0,0.0,0.0,0.0,0.0,0.0,0.0,0.0,0.0,0.0,0.0,0.0
KGBR-BTU-076-2021-MSMT-1,35.0,21.0,72.0,72.0,72.0,51.0,31.0,44.0,13.0,37.0,23.0,69.0,69.0,69.0,46.0
KGBR-BTU-030-2021-MSMT-1,388.0,311.0,1127.0,1127.0,1127.0,816.0,414.0,673.0,259.0,641.0,387.0,911.0,911.0,911.0,524.0
KGMU-NSB-198-2021-MSMT-1,1.0,2.0,2.0,2.0,2.0,0.0,1.0,1.0,0.0,1.0,0.0,1.0,1.0,1.0,1.0
KGNG-CVU-122-2021-MSMT-1,0.0,0.0,0.0,0.0,0.0,0.0,0.0,0.0,0.0,1.0,0.0,0.0,0.0,0.0,0.0
KGKA-BKG-160-2021-MSMT-1,0.0,3.0,37.0,37.0,37.0,34.0,33.0,60.0,27.0,35.0,11.0,12.0,12.0,12.0,1.0
KGKA-BKG-205-2021-MSMT-1,4.0,5.0,25.0,25.0,25.0,20.0,12.0,24.0,12.0,21.0,6.0,10.0,10.0,10.0,4.0
KGKA-BKG-215-2021-MSMT-1,3.0,4.0,11.0,11.0,11.0,7.0,3.0,5.0,2.0,4.0,0.0,5.0,5.0,5.0,5.0
KGNG-NTG-036-2021-MSMT-1,0.0,1.0,3.0,3.0,3.0,2.0,2.0,3.0,1.0,5.0,3.0,5.0,5.0,5.0,2.0
KGMU-RSW-048-2021-MSMT-1,0.0,0.0,0.0,0.0,0.0,0.0,0.0,0.0,0.0,0.0,0.0,0.0,0.0,0.0,0.0
KGMU-NSB-291-2021-MSMT-1,2.0,0.0,15.0,15.0,15.0,15.0,6.0,14.0,8.0,9.0,2.0,3.0,3.0,3.0,1.0
KGMU-NSB-279-2021-MSMT-1,1.0,3.0,10.0,10.0,10.0,7.0,3.0,9.0,6.0,15.0,5.0,15.0,15.0,15.0,10.0
KGKA-BKG-258-2021-MSMT-1,0.0,0.0,0.0,0.0,0.0,0.0,0.0,0.0,0.0,0.0,0.0,0.0,0.0,0.0,0.0
KGNG-CVU-216-2021-MSMT-1,129.0,63.0,165.0,165.0,165.0,102.0,38.0,67.0,29.0,112.0,63.0,160.0,160.0,160.0,97.0
KGKA-BKG-203-2021-MSMT-1,0.0,0.0,5.0,5.0,5.0,5.0,3.0,5.0,2.0,5.0,0.0,0.0,0.0,0.0,0.0
KGNG-CVU-247-2021-MSMT-1,0.0,0.0,0.0,0.0,0.0,0.0,0.0,0.0,0.0,2.0,0.0,0.0,0.0,0.0,0.0
KGNG-CVU-087-2021-MSMT-1,0.0,2.0,21.0,21.0,21.0,19.0,20.0,36.0,16.0,8.0,2.0,5.0,5.0,5.0,3.0
KGKA-BKG-044-2021-MSMT-1,15.0,6.0,30.0,30.0,30.0,24.0,13.0,22.0,9.0,13.0,5.0,15.0,15.0,15.0,10.0
KGBI-KZB-031-2021-MSMT-1,158.0,147.0,584.0,584.0,584.0,437.0,190.0,364.0,174.0,339.0,200.0,450.0,450.0,450.0,250.0
KGNG-CVU-065-2021-MSMT-1,59.0,33.0,118.0,118.0,118.0,85.0,46.0,69.0,23.0,98.0,49.0,119.0,119.0,119.0,70.0
KGNG-CVU-094-2021-MSMT-1,0.0,0.0,1.0,1.0,1.0,1.0,0.0,0.0,0.0,1.0,0.0,0.0,0.0,0.0,0.0
KGNG-NTG-051-2021-MSMT-1,0.0,0.0,0.0,0.0,0.0,0.0,0.0,0.0,0.0,0.0,0.0,0.0,0.0,0.0,0.0
KGNG-CVU-192-2021-MSMT-1,0.0,0.0,2.0,2.0,2.0,2.0,1.0,6.0,5.0,4.0,0.0,0.0,0.0,0.0,0.0
KGKY-RWB-049-2021-MSMT-1,277.0,191.0,693.0,693.0,693.0,502.0,241.0,408.0,167.0,439.0,261.0,602.0,602.0,602.0,341.0
KGNG-CVU-096-2021-MSMT-1,8.0,11.0,19.0,19.0,19.0,8.0,13.0,22.0,9.0,4.0,3.0,12.0,12.0,12.0,9.0
KGMU-NSB-310-2021-MSMT-1,0.0,0.0,1.0,1.0,1.0,1.0,1.0,3.0,2.0,1.0,0.0,0.0,0.0,0.0,0.0
KGKY-RUG-052-2021-MSMT-1,57.0,77.0,144.0,144.0,144.0,67.0,74.0,142.0,67.0,170.0,88.0,160.0,160.0,160.0,72.0
KGNG-CVU-109-2021-MSMT-1,8.0,2.0,12.0,12.0,12.0,10.0,5.0,7.0,2.0,10.0,5.0,14.0,14.0,14.0,9.0
KGNG-CVU-143-2021-MSMT-1,0.0,1.0,1.0,1.0,1.0,0.0,0.0,0.0,0.0,1.0,0.0,1.0,1.0,1.0,1.0
KGMI-KYK-035-2021-MSMT-1,645.0,490.0,1630.0,1630.0,1630.0,1140.0,568.0,1017.0,449.0,1006.0,706.0,1540.0,1540.0,1540.0,834.0
KGKY-RUG-012-2021-MSMT-1,8.0,2.0,9.0,9.0,9.0,7.0,2.0,8.0,6.0,9.0,7.0,12.0,12.0,12.0,5.0
KGKY-RUG-039-2021-MSMT-1,4.0,0.0,3.0,3.0,3.0,3.0,0.0,2.0,2.0,5.0,5.0,8.0,8.0,8.0,3.0
KGKY-RWB-061-2021-MSMT-1,0.0,0.0,2.0,2.0,2.0,2.0,5.0,14.0,9.0,10.0,0.0,2.0,2.0,2.0,2.0
KGMU-NSB-270-2021-MSMT-1,8.0,4.0,12.0,12.0,12.0,8.0,10.0,14.0,4.0,8.0,6.0,10.0,10.0,10.0,4.0
KGBI-KZB-050-2021-MSMT-1,0.0,0.0,0.0,0.0,0.0,0.0,0.0,0.0,0.0,0.0,0.0,0.0,0.0,0.0,0.0
KGMU-NSB-287-2021-MSMT-1,55.0,40.0,170.0,170.0,170.0,130.0,72.0,92.0,20.0,89.0,39.0,111.0,111.0,111.0,72.0
KGKY-RWB-192-2021-MSMT-1,2.0,4.0,12.0,12.0,12.0,8.0,6.0,10.0,4.0,7.0,4.0,7.0,7.0,7.0,3.0
KGBI-KZB-040-2021-MSMT-1,0.0,0.0,2.0,2.0,2.0,2.0,0.0,0.0,0.0,1.0,1.0,1.0,1.0,1.0,0.0
KGMU-NSB-304-2021-MSMT-1,0.0,2.0,4.0,4.0,4.0,2.0,0.0,2.0,2.0,2.0,0.0,1.0,1.0,1.0,1.0
KGMU-NSB-205-2021-MSMT-1,4.0,6.0,33.0,33.0,33.0,27.0,18.0,28.0,10.0,25.0,4.0,11.0,11.0,11.0,7.0
KGNG-CVU-254-2021-MSMT-1,0.0,0.0,0.0,0.0,0.0,0.0,0.0,0.0,0.0,0.0,0.0,0.0,0.0,0.0,0.0
KGNG-CVU-210-2021-MSMT-1,8.0,4.0,15.0,15.0,15.0,11.0,6.0,7.0,1.0,13.0,5.0,12.0,12.0,12.0,7.0
KGKA-BKG-208-2021-MSMT-1,51.0,52.0,177.0,177.0,177.0,125.0,73.0,113.0,40.0,109.0,59.0,139.0,139.0,139.0,80.0
KGMU-NSB-060-2021-MSMT-1,4.0,5.0,20.0,20.0,20.0,15.0,12.0,18.0,6.0,25.0,9.0,17.0,17.0,17.0,8.0
KGBI-KZB-028-2021-MSMT-1,247.0,160.0,576.0,576.0,576.0,416.0,57.0,149.0,92.0,276.0,181.0,454.0,454.0,454.0,273.0
KGMU-NSB-207-2021-MSMT-1,2.0,3.0,29.0,29.0,29.0,26.0,15.0,28.0,13.0,22.0,2.0,9.0,9.0,9.0,7.0
KGKY-RWB-157-2021-MSMT-1,960.0,1141.0,2473.0,2473.0,2473.0,1332.0,1340.0,2483.0,1143.0,2525.0,1198.0,2486.0,2486.0,2486.0,1288.0
KGMU-NSB-282-2021-MSMT-1,2.0,2.0,4.0,4.0,4.0,2.0,2.0,9.0,7.0,13.0,8.0,11.0,11.0,11.0,3.0
KGBR-BTU-027-2021-MSMT-1,10.0,16.0,52.0,52.0,52.0,36.0,14.0,27.0,13.0,23.0,13.0,33.0,33.0,33.0,20.0
KGMU-NSB-273-2021-MSMT-1,7.0,10.0,24.0,24.0,24.0,14.0,22.0,37.0,15.0,21.0,7.0,23.0,23.0,23.0,16.0
KGBI-KZB-036-2021-MSMT-1,1.0,0.0,3.0,3.0,3.0,3.0,0.0,5.0,5.0,7.0,4.0,5.0,5.0,5.0,1.0
KGKY-RWB-022-2021-MSMT-1,235.0,148.0,546.0,546.0,546.0,398.0,196.0,339.0,143.0,318.0,188.0,427.0,427.0,427.0,239.0
KGNG-CVU-059-2021-MSMT-1,0.0,0.0,0.0,0.0,0.0,0.0,0.0,0.0,0.0,0.0,0.0,0.0,0.0,0.0,0.0
KGKA-BKG-034-2021-MSMT-1,63.0,27.0,134.0,134.0,134.0,107.0,44.0,82.0,38.0,97.0,53.0,146.0,146.0,146.0,93.0
KGNG-CVU-144-2021-MSMT-1,245.0,162.0,500.0,500.0,500.0,338.0,178.0,274.0,96.0,354.0,176.0,441.0,441.0,441.0,265.0
KGMU-RSW-004-2021-MSMT-1,30.0,13.0,52.0,52.0,52.0,39.0,22.0,26.0,4.0,30.0,24.0,37.0,37.0,37.0,13.0
KGMU-NSB-160-2021-MSMT-1,0.0,0.0,1.0,1.0,1.0,1.0,0.0,1.0,1.0,0.0,0.0,0.0,0.0,0.0,0.0
KGKY-RWB-052-2021-MSMT-1,1.0,6.0,34.0,34.0,34.0,28.0,24.0,54.0,30.0,27.0,3.0,13.0,13.0,13.0,10.0
KGKA-BKG-165-2021-MSMT-1,0.0,0.0,7.0,7.0,7.0,7.0,4.0,12.0,8.0,9.0,1.0,1.0,1.0,1.0,0.0
KGKY-RWB-122-2021-MSMT-1,1.0,0.0,0.0,0.0,0.0,0.0,2.0,3.0,1.0,3.0,2.0,2.0,2.0,2.0,0.0
KGMU-NSB-284-2021-MSMT-1,4.0,5.0,10.0,10.0,10.0,5.0,7.0,15.0,8.0,9.0,6.0,12.0,12.0,12.0,6.0
KGMI-KYK-068-2021-MSMT-1,41.0,43.0,145.0,145.0,145.0,102.0,39.0,81.0,42.0,92.0,44.0,93.0,93.0,93.0,49.0
KGNG-CVU-116-2021-MSMT-1,203.0,180.0,604.0,604.0,604.0,424.0,271.0,420.0,149.0,398.0,195.0,457.0,457.0,457.0,262.0
KGNG-CVU-082-2021-MSMT-1,54.0,11.0,117.0,117.0,117.0,106.0,67.0,112.0,45.0,91.0,58.0,152.0,152.0,152.0,94.0
KGKY-RWB-050-2021-MSMT-1,325.0,240.0,890.0,890.0,890.0,650.0,310.0,465.0,155.0,486.0,264.0,656.0,656.0,656.0,392.0
KGMU-NSB-352-2021-MSMT-1,149.0,159.0,357.0,357.0,357.0,198.0,197.0,360.0,163.0,357.0,168.0,382.0,382.0,382.0,214.0
KGBI-KZB-009-2021-MSMT-1,102.0,53.0,142.0,142.0,142.0,89.0,51.0,84.0,33.0,78.0,61.0,146.0,146.0,146.0,85.0
KGKY-RWB-042-2021-MSMT-1,126.0,141.0,804.0,804.0,804.0,663.0,380.0,715.0,335.0,496.0,174.0,497.0,497.0,497.0,323.0
KGNG-NTG-021-2021-MSMT-1,3.0,5.0,7.0,7.0,7.0,2.0,1.0,2.0,1.0,2.0,1.0,3.0,3.0,3.0,2.0
KGNG-CVU-012-2021-MSMT-1,1.0,2.0,4.0,4.0,4.0,2.0,5.0,6.0,1.0,2.0,2.0,4.0,4.0,4.0,2.0
KGKA-BKG-127-2021-MSMT-1,0.0,0.0,0.0,0.0,0.0,0.0,0.0,0.0,0.0,0.0,0.0,0.0,0.0,0.0,0.0
KGNG-CVU-245-2021-MSMT-1,1.0,2.0,11.0,11.0,11.0,9.0,6.0,13.0,7.0,15.0,1.0,3.0,3.0,3.0,2.0
KGMU-NSB-256-2021-MSMT-1,0.0,1.0,16.0,16.0,16.0,15.0,10.0,15.0,5.0,20.0,2.0,5.0,5.0,5.0,3.0
KGKA-BKG-118-2021-MSMT-1,17.0,13.0,34.0,34.0,34.0,21.0,26.0,39.0,13.0,49.0,26.0,44.0,43.0,43.0,18.0
KGKY-RWB-113-2021-MSMT-1,167.0,224.0,442.0,442.0,442.0,218.0,243.0,468.0,225.0,464.0,225.0,473.0,473.0,473.0,248.0
KGNG-CVU-232-2021-MSMT-1,0.0,0.0,5.0,5.0,5.0,5.0,13.0,36.0,23.0,22.0,3.0,4.0,4.0,4.0,1.0
KGKY-RWB-174-2021-MSMT-1,4.0,1.0,8.0,8.0,8.0,7.0,5.0,7.0,2.0,5.0,2.0,6.0,6.0,6.0,4.0
KGNG-CVU-020-2021-MSMT-1,32.0,46.0,89.0,89.0,89.0,43.0,51.0,75.0,24.0,78.0,36.0,90.0,90.0,90.0,54.0
KGNG-CVU-202-2021-MSMT-1,0.0,2.0,8.0,8.0,8.0,6.0,6.0,13.0,7.0,9.0,1.0,3.0,3.0,3.0,2.0
KGKY-RWB-099-2021-MSMT-1,0.0,0.0,0.0,0.0,0.0,0.0,0.0,0.0,0.0,0.0,0.0,0.0,0.0,0.0,0.0
KGKA-BKG-109-2021-MSMT-1,7.0,16.0,46.0,46.0,46.0,30.0,26.0,53.0,27.0,28.0,7.0,17.0,17.0,17.0,10.0
KGKY-RWB-030-2021-MSMT-1,127.0,88.0,343.0,343.0,343.0,255.0,118.0,187.0,69.0,170.0,93.0,256.0,256.0,256.0,163.0
KGNG-NTG-020-2021-MSMT-1,29.0,19.0,50.0,50.0,50.0,31.0,19.0,38.0,19.0,37.0,26.0,54.0,54.0,54.0,28.0
KGNG-CVU-215-2021-MSMT-1,2.0,0.0,0.0,0.0,0.0,0.0,0.0,0.0,0.0,0.0,0.0,0.0,0.0,0.0,0.0
KGKA-BKG-068-2021-MSMT-1,0.0,1.0,1.0,1.0,1.0,0.0,2.0,2.0,0.0,0.0,0.0,1.0,1.0,1.0,1.0
KGKY-RWB-041-2021-MSMT-1,0.0,0.0,0.0,0.0,0.0,0.0,0.0,0.0,0.0,0.0,0.0,0.0,0.0,0.0,0.0
KGKA-BKG-237-2021-MSMT-1,0.0,0.0,0.0,0.0,0.0,0.0,0.0,1.0,1.0,0.0,0.0,0.0,0.0,0.0,0.0
KGKY-RUG-057-2021-MSMT-1,0.0,0.0,0.0,0.0,0.0,0.0,1.0,1.0,0.0,0.0,0.0,2.0,2.0,2.0,2.0
KGNG-CVU-138-2021-MSMT-1,0.0,0.0,1.0,1.0,1.0,1.0,0.0,0.0,0.0,0.0,0.0,0.0,0.0,0.0,0.0
KGMU-NSB-221-2021-MSMT-1,0.0,0.0,0.0,0.0,0.0,0.0,0.0,0.0,0.0,0.0,0.0,0.0,0.0,0.0,0.0
KGMI-KYK-044-2021-MSMT-1,396.0,238.0,745.0,745.0,745.0,507.0,261.0,402.0,141.0,447.0,331.0,698.0,698.0,698.0,367.0
KGNG-CVU-145-2021-MSMT-1,5.0,2.0,8.0,8.0,8.0,6.0,0.0,1.0,1.0,4.0,1.0,7.0,7.0,7.0,6.0
KGKY-RWB-056-2021-MSMT-1,0.0,0.0,0.0,0.0,0.0,0.0,5.0,8.0,3.0,5.0,1.0,1.0,1.0,1.0,0.0
KGMI-KYK-063-2021-MSMT-1,0.0,0.0,0.0,0.0,0.0,0.0,0.0,0.0,0.0,0.0,0.0,0.0,0.0,0.0,0.0
KGMU-NSB-353-2021-MSMT-1,55.0,42.0,135.0,135.0,135.0,93.0,70.0,102.0,32.0,105.0,46.0,138.0,138.0,138.0,92.0
KGNG-NTG-012-2021-MSMT-1,149.0,76.0,312.0,312.0,312.0,236.0,104.0,170.0,66.0,185.0,118.0,236.0,236.0,236.0,118.0
KGMU-NSB-249-2021-MSMT-1,29.0,20.0,73.0,73.0,73.0,53.0,32.0,58.0,26.0,56.0,23.0,54.0,54.0,54.0,31.0
KGNG-CVU-110-2021-MSMT-1,2.0,2.0,3.0,3.0,3.0,1.0,1.0,2.0,1.0,3.0,3.0,7.0,7.0,7.0,4.0
KGMU-NSB-329-2021-MSMT-1,0.0,0.0,0.0,0.0,0.0,0.0,0.0,0.0,0.0,0.0,0.0,0.0,0.0,0.0,0.0
KGMU-NSB-208-2021-MSMT-1,2.0,5.0,19.0,19.0,19.0,14.0,15.0,20.0,5.0,31.0,4.0,8.0,8.0,8.0,4.0
KGNG-CVU-184-2021-MSMT-1,9.0,6.0,13.0,13.0,13.0,7.0,8.0,17.0,9.0,14.0,11.0,16.0,16.0,16.0,5.0
KGKY-RWB-067-2021-MSMT-1,2.0,2.0,7.0,7.0,7.0,5.0,1.0,5.0,4.0,6.0,3.0,3.0,3.0,3.0,0.0
KGKA-BKG-124-2021-MSMT-1,2042.0,2613.0,5676.0,5676.0,5676.0,3063.0,3406.0,6167.0,2761.0,6230.0,2853.0,5934.0,5934.0,5934.0,3081.0
KGMU-NSB-062-2021-MSMT-1,5.0,8.0,15.0,15.0,15.0,7.0,5.0,14.0,9.0,12.0,7.0,23.0,23.0,23.0,16.0
KGKY-RWB-117-2021-MSMT-1,5.0,4.0,8.0,8.0,8.0,4.0,5.0,8.0,3.0,9.0,5.0,11.0,11.0,11.0,6.0
KGKY-RUG-008-2021-MSMT-1,1.0,0.0,0.0,0.0,0.0,0.0,1.0,1.0,0.0,1.0,0.0,0.0,0.0,0.0,0.0
KGNG-CVU-098-2021-MSMT-1,0.0,1.0,4.0,4.0,4.0,3.0,1.0,5.0,4.0,5.0,0.0,1.0,1.0,1.0,1.0
KGKA-BKG-212-2021-MSMT-1,7.0,8.0,19.0,19.0,19.0,11.0,9.0,18.0,9.0,15.0,8.0,23.0,23.0,23.0,15.0
KGNG-CVU-084-2021-MSMT-1,0.0,0.0,0.0,0.0,0.0,0.0,0.0,0.0,0.0,0.0,0.0,0.0,0.0,0.0,0.0
KGKY-RWB-017-2021-MSMT-1,12.0,17.0,42.0,42.0,42.0,25.0,15.0,33.0,18.0,30.0,16.0,32.0,32.0,32.0,16.0
KGMU-NSB-155-2021-MSMT-1,29.0,37.0,74.0,74.0,74.0,37.0,32.0,61.0,29.0,67.0,33.0,78.0,78.0,78.0,45.0
KGMU-NSB-258-2021-MSMT-1,0.0,1.0,8.0,8.0,8.0,7.0,5.0,13.0,8.0,11.0,3.0,4.0,4.0,4.0,1.0
KGNG-CVU-103-2021-MSMT-1,1.0,1.0,10.0,10.0,10.0,9.0,19.0,43.0,24.0,15.0,1.0,2.0,2.0,2.0,1.0
KGNG-CVU-047-2021-MSMT-1,313.0,202.0,810.0,810.0,810.0,608.0,340.0,541.0,201.0,485.0,267.0,684.0,684.0,684.0,417.0
KGKA-BKG-004-2021-MSMT-1,109.0,70.0,226.0,226.0,226.0,156.0,87.0,144.0,57.0,142.0,86.0,186.0,186.0,186.0,100.0
KGMU-NSB-211-2021-MSMT-1,0.0,0.0,1.0,1.0,1.0,1.0,0.0,0.0,0.0,0.0,0.0,0.0,0.0,0.0,0.0
KGMU-NSB-067-2021-MSMT-1,1.0,2.0,12.0,12.0,12.0,10.0,3.0,12.0,9.0,14.0,2.0,4.0,4.0,4.0,2.0
KGKY-RUG-018-2021-MSMT-1,34.0,20.0,66.0,66.0,66.0,46.0,18.0,29.0,11.0,45.0,33.0,74.0,74.0,74.0,41.0
KGKY-RWB-127-2021-MSMT-1,4.0,1.0,11.0,11.0,11.0,10.0,7.0,13.0,6.0,12.0,2.0,2.0,2.0,2.0,0.0
KGKY-BKG-155-2021-MSMT-1,0.0,0.0,0.0,0.0,0.0,0.0,0.0,1.0,1.0,0.0,0.0,0.0,0.0,0.0,0.0
KGKY-RWB-153-2021-MSMT-1,2.0,13.0,28.0,28.0,28.0,15.0,19.0,40.0,21.0,23.0,2.0,7.0,7.0,7.0,5.0
KGNG-CVU-060-2021-MSMT-1,0.0,0.0,4.0,4.0,4.0,4.0,10.0,12.0,2.0,10.0,2.0,4.0,4.0,4.0,2.0
KGMU-NSB-047-2021-MSMT-1,0.0,0.0,0.0,0.0,0.0,0.0,0.0,0.0,0.0,0.0,0.0,0.0,0.0,0.0,0.0
KGNG-CVU-056-2021-MSMT-1,48.0,59.0,177.0,177.0,177.0,118.0,57.0,79.0,22.0,117.0,52.0,126.0,126.0,126.0,74.0
KGKA-BKG-133-2021-MSMT-1,8.0,7.0,33.0,33.0,33.0,26.0,30.0,63.0,33.0,36.0,7.0,13.0,13.0,13.0,6.0
KGMU-NSB-301-2021-MSMT-1,0.0,0.0,3.0,3.0,3.0,3.0,1.0,3.0,2.0,4.0,2.0,3.0,3.0,3.0,1.0
KGMU-NSB-302-2021-MSMT-1,0.0,1.0,1.0,1.0,1.0,0.0,0.0,0.0,0.0,1.0,0.0,0.0,0.0,0.0,0.0
KGKA-BKG-181-2021-MSMT-1,2.0,4.0,9.0,9.0,9.0,5.0,5.0,11.0,6.0,12.0,5.0,9.0,9.0,9.0,4.0
KGMU-RSW-005-2021-MSMT-1,39.0,31.0,104.0,104.0,104.0,73.0,34.0,54.0,20.0,53.0,30.0,77.0,77.0,77.0,47.0
KGKY-RUG-020-2021-MSMT-1,27.0,23.0,62.0,62.0,62.0,39.0,13.0,26.0,13.0,23.0,17.0,49.0,49.0,49.0,32.0
KGKY-RWB-142-2021-MSMT-1,0.0,3.0,9.0,9.0,9.0,6.0,4.0,15.0,11.0,8.0,0.0,5.0,5.0,5.0,5.0
KGKY-RUG-061-2021-MSMT-1,1.0,6.0,16.0,16.0,16.0,10.0,18.0,40.0,22.0,24.0,6.0,7.0,7.0,7.0,1.0
KGKY-RWB-074-2021-MSMT-1,0.0,0.0,0.0,0.0,0.0,0.0,0.0,0.0,0.0,0.0,0.0,0.0,0.0,0.0,0.0
KGNG-NTG-004-2021-MSMT-1,12.0,17.0,47.0,47.0,47.0,30.0,23.0,54.0,31.0,26.0,10.0,17.0,17.0,17.0,7.0
KGMU-NSB-218-2021-MSMT-1,1.0,0.0,1.0,1.0,1.0,1.0,5.0,5.0,0.0,2.0,1.0,4.0,4.0,4.0,3.0
KGMU-NSB-264-2021-MSMT-1,29.0,20.0,70.0,70.0,70.0,50.0,39.0,59.0,20.0,52.0,21.0,62.0,62.0,62.0,41.0
KGKY-RWB-109-2021-MSMT-1,0.0,0.0,0.0,0.0,0.0,0.0,0.0,0.0,0.0,1.0,0.0,0.0,0.0,0.0,0.0
KGNG-CVU-045-2021-MSMT-1,81.0,42.0,150.0,150.0,150.0,108.0,58.0,95.0,37.0,85.0,53.0,140.0,140.0,140.0,87.0
KGNG-CVU-085-2021-MSMT-1,0.0,0.0,0.0,0.0,0.0,0.0,4.0,8.0,4.0,8.0,2.0,2.0,2.0,2.0,0.0
KGNG-CVU-196-2021-MSMT-1,73.0,33.0,119.0,119.0,119.0,86.0,45.0,73.0,28.0,78.0,53.0,105.0,105.0,105.0,52.0
KGKA-BKG-023-2021-MSMT-1,0.0,0.0,0.0,0.0,0.0,0.0,0.0,0.0,0.0,0.0,0.0,0.0,0.0,0.0,0.0
KGNG-CVU-069-2021-MSMT-1,119.0,132.0,397.0,397.0,397.0,265.0,183.0,304.0,121.0,278.0,110.0,294.0,294.0,294.0,184.0
KGKA-BKG-021-2021-MSMT-1,0.0,0.0,2.0,2.0,2.0,2.0,0.0,0.0,0.0,2.0,2.0,2.0,2.0,2.0,0.0
KGNG-CVU-153-2021-MSMT-1,7.0,1.0,5.0,5.0,5.0,4.0,3.0,4.0,1.0,8.0,4.0,6.0,6.0,6.0,2.0
KGNG-CVU-166-2021-MSMT-1,1.0,3.0,14.0,14.0,14.0,11.0,10.0,14.0,4.0,17.0,4.0,8.0,8.0,8.0,4.0
KGBR-BTU-065-2021-MSMT-1,1.0,4.0,7.0,7.0,7.0,3.0,3.0,5.0,2.0,3.0,1.0,5.0,5.0,5.0,4.0
KGKA-BKG-120-2021-MSMT-1,0.0,0.0,0.0,0.0,0.0,0.0,0.0,0.0,0.0,0.0,0.0,0.0,0.0,0.0,0.0
KGMU-NSB-311-2021-MSMT-1,0.0,0.0,3.0,3.0,3.0,3.0,2.0,5.0,3.0,8.0,0.0,0.0,0.0,0.0,0.0
KGMU-NSB-268-2021-MSMT-1,1.0,0.0,5.0,5.0,5.0,5.0,2.0,5.0,3.0,9.0,0.0,1.0,1.0,1.0,1.0
KGKA-BKG-174-2021-MSMT-1,11.0,13.0,36.0,36.0,36.0,23.0,16.0,33.0,17.0,31.0,11.0,20.0,20.0,20.0,9.0
KGKA-BKG-061-2021-MSMT-1,6.0,10.0,43.0,43.0,43.0,33.0,23.0,42.0,19.0,36.0,13.0,20.0,20.0,20.0,7.0
KGMU-NSB-042-2021-MSMT-1,149.0,93.0,339.0,339.0,339.0,246.0,106.0,163.0,57.0,156.0,116.0,271.0,271.0,271.0,155.0
KGMU-RSW-010-2021-MSMT-1,335.0,278.0,1027.0,1027.0,1027.0,749.0,361.0,600.0,239.0,579.0,367.0,884.0,884.0,884.0,517.0
KGMU-NSB-206-2021-MSMT-1,2.0,1.0,19.0,19.0,19.0,18.0,16.0,38.0,22.0,35.0,5.0,11.0,11.0,11.0,6.0
KGBI-KZB-023-2021-MSMT-1,0.0,0.0,0.0,0.0,0.0,0.0,0.0,0.0,0.0,0.0,0.0,0.0,0.0,0.0,0.0
KGNG-CVU-240-2021-MSMT-1,7.0,5.0,17.0,17.0,17.0,12.0,9.0,18.0,9.0,9.0,4.0,10.0,10.0,10.0,6.0
KGMU-RSW-032-2021-MSMT-1,1.0,0.0,0.0,0.0,0.0,0.0,0.0,0.0,0.0,1.0,0.0,1.0,1.0,1.0,1.0
KGKY-RUG-038-2021-MSMT-1,0.0,0.0,0.0,0.0,0.0,0.0,0.0,0.0,0.0,0.0,0.0,0.0,0.0,0.0,0.0
KGKY-RWB-168-2021-MSMT-1,5.0,8.0,28.0,28.0,28.0,20.0,14.0,32.0,18.0,35.0,9.0,13.0,13.0,13.0,4.0
KGNG-CVU-032-2021-MSMT-1,0.0,0.0,0.0,0.0,0.0,0.0,0.0,0.0,0.0,0.0,0.0,1.0,1.0,1.0,1.0
KGMU-RSW-035-2021-MSMT-1,0.0,0.0,0.0,0.0,0.0,0.0,0.0,0.0,0.0,0.0,0.0,0.0,0.0,0.0,0.0
KGKA-BKG-235-2021-MSMT-1,0.0,0.0,0.0,0.0,0.0,0.0,0.0,0.0,0.0,0.0,0.0,0.0,0.0,0.0,0.0
KGNG-CVU-049-2021-MSMT-1,2.0,0.0,2.0,2.0,2.0,2.0,3.0,4.0,1.0,1.0,1.0,3.0,3.0,3.0,2.0
KGKA-BKG-025-2021-MSMT-1,115.0,56.0,537.0,537.0,537.0,481.0,258.0,453.0,195.0,273.0,105.0,379.0,379.0,379.0,274.0
KGKA-BKG-249-2021-MSMT-1,0.0,2.0,3.0,3.0,3.0,1.0,1.0,6.0,5.0,4.0,2.0,2.0,2.0,2.0,0.0
KGMU-NSB-358-2021-MSMT-1,65.0,86.0,188.0,188.0,188.0,104.0,101.0,177.0,76.0,194.0,94.0,179.0,179.0,179.0,85.0
KGKY-RWB-033-2021-MSMT-1,1.0,1.0,8.0,8.0,8.0,7.0,4.0,7.0,3.0,8.0,4.0,5.0,5.0,5.0,1.0
KGBR-BTU-041-2021-MSMT-1,297.0,194.0,573.0,573.0,573.0,379.0,200.0,350.0,150.0,349.0,240.0,540.0,540.0,540.0,300.0
KGMI-KYK-056-2021-MSMT-1,1.0,2.0,2.0,2.0,2.0,0.0,1.0,1.0,0.0,1.0,0.0,1.0,1.0,1.0,1.0
KGMU-NSB-148-2021-MSMT-1,9.0,8.0,24.0,24.0,24.0,16.0,9.0,24.0,15.0,13.0,8.0,20.0,20.0,20.0,12.0
KGKA-BKG-270-2021-MSMT-1,1.0,1.0,2.0,2.0,2.0,1.0,0.0,2.0,2.0,0.0,0.0,0.0,0.0,0.0,0.0
KGKA-BKG-069-2021-MSMT-1,33.0,52.0,107.0,107.0,107.0,55.0,49.0,94.0,45.0,102.0,48.0,101.0,101.0,101.0,53.0
KGMU-NSB-321-2021-MSMT-1,66.0,67.0,186.0,186.0,186.0,119.0,115.0,196.0,81.0,191.0,73.0,186.0,186.0,186.0,113.0
KGMU-NSB-262-2021-MSMT-1,60.0,56.0,198.0,198.0,198.0,142.0,94.0,143.0,49.0,129.0,67.0,172.0,172.0,172.0,105.0
KGNG-NTG-015-2021-MSMT-1,86.0,83.0,252.0,252.0,252.0,169.0,105.0,192.0,87.0,187.0,75.0,189.0,189.0,189.0,114.0
KGKY-RUG-009-2021-MSMT-1,40.0,21.0,63.0,63.0,63.0,42.0,14.0,31.0,17.0,32.0,23.0,53.0,53.0,53.0,30.0
KGNG-CVU-165-2021-MSMT-1,1.0,9.0,17.0,17.0,17.0,8.0,8.0,12.0,4.0,21.0,7.0,12.0,12.0,12.0,5.0
KGMU-NSB-219-2021-MSMT-1,1.0,2.0,4.0,4.0,4.0,2.0,0.0,1.0,1.0,4.0,3.0,3.0,3.0,3.0,0.0
KGKY-BKG-153-2021-MSMT-1,9.0,23.0,51.0,51.0,51.0,28.0,24.0,50.0,26.0,40.0,19.0,41.0,41.0,41.0,22.0
KGBI-KZB-018-2021-MSMT-1,53.0,31.0,95.0,95.0,95.0,64.0,37.0,50.0,13.0,39.0,25.0,83.0,83.0,83.0,58.0
KGNG-CVU-038-2021-MSMT-1,0.0,0.0,0.0,0.0,0.0,0.0,0.0,0.0,0.0,0.0,0.0,0.0,0.0,0.0,0.0
KGMU-NSB-323-2021-MSMT-1,40.0,35.0,92.0,92.0,92.0,57.0,47.0,67.0,20.0,72.0,46.0,91.0,91.0,91.0,45.0
KGKA-BKG-257-2021-MSMT-1,5.0,8.0,29.0,29.0,29.0,21.0,13.0,30.0,17.0,17.0,4.0,10.0,10.0,10.0,6.0
KGMU-NSB-335-2021-MSMT-1,0.0,0.0,2.0,2.0,2.0,2.0,4.0,5.0,1.0,0.0,0.0,0.0,0.0,0.0,0.0
KGNG-NTG-046-2021-MSMT-1,36.0,27.0,67.0,67.0,67.0,40.0,15.0,32.0,17.0,31.0,24.0,57.0,57.0,57.0,33.0
KGKY-RWB-021-2021-MSMT-1,38.0,13.0,70.0,70.0,70.0,57.0,37.0,53.0,16.0,51.0,25.0,75.0,75.0,75.0,50.0
KGMU-NSB-295-2021-MSMT-1,10.0,18.0,38.0,38.0,38.0,20.0,13.0,21.0,8.0,29.0,19.0,28.0,28.0,28.0,9.0
KGNG-CVU-093-2021-MSMT-1,4.0,6.0,11.0,11.0,11.0,5.0,5.0,10.0,5.0,3.0,0.0,3.0,3.0,3.0,3.0
KGNG-CVU-031-2021-MSMT-1,4.0,3.0,12.0,12.0,12.0,9.0,3.0,5.0,2.0,7.0,5.0,7.0,7.0,7.0,2.0
KGNG-CVU-107-2021-MSMT-1,80.0,63.0,193.0,193.0,193.0,130.0,78.0,139.0,61.0,126.0,68.0,158.0,158.0,158.0,90.0
KGNG-CVU-211-2021-MSMT-1,0.0,0.0,0.0,0.0,0.0,0.0,0.0,0.0,0.0,0.0,0.0,0.0,0.0,0.0,0.0
KGKA-BKG-135-2021-MSMT-1,0.0,0.0,0.0,0.0,0.0,0.0,0.0,0.0,0.0,0.0,0.0,0.0,0.0,0.0,0.0
KGKA-BKG-244-2021-MSMT-1,5.0,6.0,12.0,12.0,12.0,6.0,9.0,16.0,7.0,7.0,4.0,10.0,10.0,10.0,6.0
KGMU-NSB-305-2021-MSMT-1,0.0,1.0,8.0,8.0,8.0,7.0,3.0,10.0,7.0,7.0,1.0,2.0,2.0,2.0,1.0
KGBI-KZB-024-2021-MSMT-1,67.0,47.0,129.0,129.0,129.0,82.0,24.0,65.0,41.0,107.0,64.0,135.0,135.0,135.0,71.0
KGKA-BKG-055-2021-MSMT-1,0.0,0.0,0.0,0.0,0.0,0.0,0.0,0.0,0.0,0.0,0.0,0.0,0.0,0.0,0.0
KGNG-CVU-027-2021-MSMT-1,26.0,19.0,51.0,51.0,51.0,32.0,23.0,34.0,11.0,34.0,15.0,34.0,34.0,34.0,19.0
KGBR-BUZ-013-2021-MSMT-1,9.0,3.0,7.0,7.0,7.0,4.0,6.0,10.0,4.0,11.0,7.0,16.0,16.0,16.0,9.0
KGMU-RSW-001-2021-MSMT-1,400.0,281.0,1043.0,1043.0,1043.0,762.0,363.0,589.0,226.0,564.0,347.0,893.0,893.0,893.0,546.0
KGMU-NSB-245-2021-MSMT-1,2.0,2.0,15.0,15.0,15.0,13.0,7.0,8.0,1.0,12.0,4.0,5.0,5.0,5.0,1.0
KGKY-RWB-155-2021-MSMT-1,0.0,0.0,0.0,0.0,0.0,0.0,0.0,0.0,0.0,0.0,0.0,0.0,0.0,0.0,0.0
KGNG-CVU-231-2021-MSMT-1,0.0,0.0,1.0,1.0,1.0,1.0,2.0,10.0,8.0,2.0,1.0,2.0,2.0,2.0,1.0
KGKA-BKG-002-2021-MSMT-1,306.0,196.0,763.0,763.0,763.0,567.0,322.0,508.0,186.0,465.0,258.0,587.0,587.0,587.0,329.0
KGMU-RSW-030-2021-MSMT-1,23.0,20.0,50.0,50.0,50.0,30.0,18.0,34.0,16.0,30.0,21.0,53.0,53.0,53.0,32.0
KGKA-BKG-161-2021-MSMT-1,9.0,16.0,42.0,42.0,42.0,26.0,31.0,46.0,15.0,32.0,9.0,16.0,16.0,16.0,7.0
KGMU-NSB-261-2021-MSMT-1,23.0,18.0,78.0,78.0,78.0,60.0,33.0,54.0,21.0,41.0,13.0,41.0,41.0,41.0,28.0
KGNG-CVU-133-2021-MSMT-1,6.0,2.0,6.0,6.0,6.0,4.0,3.0,3.0,0.0,7.0,2.0,2.0,2.0,2.0,0.0
KGNG-CVU-095-2021-MSMT-1,1.0,6.0,20.0,20.0,20.0,14.0,17.0,27.0,10.0,24.0,1.0,5.0,5.0,5.0,4.0
KGKY-RUG-070-2021-MSMT-1,0.0,0.0,0.0,0.0,0.0,0.0,0.0,0.0,0.0,0.0,0.0,0.0,0.0,0.0,0.0
KGKY-RWB-060-2021-MSMT-1,7.0,1.0,6.0,6.0,6.0,5.0,9.0,10.0,1.0,4.0,2.0,5.0,5.0,5.0,3.0
KGMU-NSB-290-2021-MSMT-1,1.0,0.0,13.0,13.0,13.0,13.0,5.0,18.0,13.0,17.0,2.0,8.0,8.0,8.0,6.0
KGNG-NTG-026-2021-MSMT-1,133.0,90.0,224.0,224.0,224.0,134.0,79.0,137.0,58.0,167.0,115.0,234.0,234.0,234.0,119.0
KGKY-RUG-019-2021-MSMT-1,394.0,282.0,1115.0,1115.0,1115.0,833.0,405.0,733.0,328.0,683.0,401.0,977.0,977.0,977.0,576.0
KGKA-BKG-082-2021-MSMT-1,14.0,10.0,29.0,29.0,29.0,19.0,24.0,34.0,10.0,21.0,8.0,11.0,11.0,11.0,3.0
KGMI-KYK-057-2021-MSMT-1,203.0,143.0,459.0,459.0,459.0,316.0,196.0,367.0,171.0,312.0,180.0,448.0,448.0,448.0,268.0
KGKA-BKG-138-2021-MSMT-1,0.0,4.0,17.0,17.0,17.0,13.0,13.0,38.0,25.0,19.0,5.0,5.0,5.0,5.0,0.0
KGKY-RWB-010-2021-MSMT-1,38.0,16.0,62.0,62.0,62.0,46.0,21.0,36.0,15.0,43.0,31.0,68.0,68.0,68.0,37.0
KGKA-BKG-276-2021-MSMT-1,20.0,30.0,76.0,76.0,76.0,46.0,40.0,63.0,23.0,52.0,13.0,30.0,30.0,30.0,17.0
KGMU-RSW-046-2021-MSMT-1,159.0,67.0,530.0,530.0,530.0,463.0,216.0,317.0,101.0,249.0,113.0,354.0,354.0,354.0,241.0
KGNG-CVU-029-2021-MSMT-1,194.0,167.0,679.0,679.0,679.0,512.0,297.0,510.0,213.0,412.0,201.0,460.0,460.0,460.0,259.0
KGNG-CVU-234-2021-MSMT-1,0.0,2.0,7.0,7.0,7.0,5.0,8.0,27.0,19.0,15.0,1.0,3.0,3.0,3.0,2.0
KGMU-NSB-226-2021-MSMT-1,3.0,4.0,23.0,23.0,23.0,19.0,18.0,25.0,7.0,32.0,5.0,7.0,7.0,7.0,2.0
KGKY-RWB-015-2021-MSMT-1,223.0,176.0,725.0,725.0,725.0,549.0,254.0,427.0,173.0,458.0,199.0,492.0,492.0,492.0,293.0
KGNG-CVU-257-2021-MSMT-1,9.0,9.0,22.0,22.0,22.0,13.0,8.0,17.0,9.0,16.0,7.0,19.0,19.0,19.0,12.0
KGMU-RSW-037-2021-MSMT-1,29.0,19.0,48.0,48.0,48.0,29.0,25.0,38.0,13.0,46.0,29.0,54.0,54.0,54.0,25.0
KGNG-CVU-111-2021-MSMT-1,0.0,3.0,14.0,14.0,14.0,11.0,7.0,20.0,13.0,19.0,1.0,3.0,3.0,3.0,2.0
KGKA-BKG-268-2021-MSMT-1,11.0,6.0,39.0,39.0,39.0,33.0,20.0,27.0,7.0,27.0,8.0,17.0,17.0,17.0,9.0
KGKA-BKG-060-2021-MSMT-1,3.0,3.0,12.0,12.0,12.0,9.0,2.0,4.0,2.0,6.0,2.0,2.0,2.0,2.0,0.0
KGKY-RUG-014-2021-MSMT-1,1.0,1.0,2.0,2.0,2.0,1.0,0.0,0.0,0.0,0.0,0.0,3.0,3.0,3.0,3.0
KGMU-RSW-009-2021-MSMT-1,13.0,17.0,43.0,43.0,43.0,26.0,13.0,17.0,4.0,23.0,10.0,26.0,26.0,26.0,16.0
KGKA-BKG-102-2021-MSMT-1,4.0,14.0,41.0,41.0,41.0,27.0,25.0,52.0,27.0,35.0,11.0,15.0,15.0,15.0,4.0
KGNG-CVU-160-2021-MSMT-1,1.0,9.0,26.0,26.0,26.0,17.0,22.0,48.0,26.0,17.0,6.0,10.0,10.0,10.0,4.0
KGNG-CVU-014-2021-MSMT-1,184.0,147.0,917.0,917.0,917.0,770.0,407.0,756.0,349.0,601.0,239.0,652.0,652.0,652.0,413.0
KGKY-RUG-059-2021-MSMT-1,2.0,1.0,1.0,1.0,1.0,0.0,0.0,0.0,0.0,1.0,0.0,0.0,0.0,0.0,0.0
KGKY-RWB-154-2021-MSMT-1,6.0,12.0,39.0,39.0,39.0,27.0,21.0,52.0,31.0,47.0,13.0,24.0,24.0,24.0,11.0
KGNG-NTG-022-2021-MSMT-1,8.0,15.0,23.0,23.0,23.0,8.0,14.0,21.0,7.0,19.0,11.0,27.0,27.0,27.0,16.0
KGKA-BKG-003-2021-MSMT-1,0.0,0.0,0.0,0.0,0.0,0.0,0.0,0.0,0.0,0.0,0.0,0.0,0.0,0.0,0.0
KGMU-NSB-011-2021-MSMT-1,10.0,14.0,32.0,32.0,32.0,18.0,13.0,27.0,14.0,21.0,12.0,32.0,32.0,32.0,20.0
KGKA-BKG-250-2021-MSMT-1,1.0,1.0,2.0,2.0,2.0,1.0,0.0,2.0,2.0,1.0,1.0,1.0,1.0,1.0,0.0
KGNG-CVU-104-2021-MSMT-1,71.0,53.0,162.0,162.0,162.0,109.0,70.0,102.0,32.0,90.0,39.0,113.0,113.0,113.0,74.0
KGMI-KYK-050-2021-MSMT-1,0.0,0.0,0.0,0.0,0.0,0.0,0.0,0.0,0.0,0.0,0.0,0.0,0.0,0.0,0.0
KGNG-NTG-025-2021-MSMT-1,57.0,30.0,97.0,97.0,97.0,67.0,42.0,72.0,30.0,64.0,34.0,83.0,83.0,83.0,49.0
KGMU-NSB-046-2021-MSMT-1,157.0,106.0,319.0,319.0,319.0,213.0,123.0,172.0,49.0,144.0,86.0,235.0,235.0,235.0,149.0
KGKY-RUG-004-2021-MSMT-1,203.0,141.0,521.0,521.0,521.0,380.0,185.0,307.0,122.0,281.0,160.0,395.0,395.0,395.0,235.0
KGBI-KZB-056-2021-MSMT-1,46.0,68.0,269.0,269.0,269.0,201.0,116.0,252.0,136.0,222.0,94.0,216.0,216.0,216.0,122.0
KGKA-BKG-255-2021-MSMT-1,1.0,3.0,8.0,8.0,8.0,5.0,4.0,4.0,0.0,6.0,4.0,5.0,5.0,5.0,1.0
KGNG-CVU-150-2021-MSMT-1,1.0,2.0,3.0,3.0,3.0,1.0,0.0,0.0,0.0,0.0,0.0,1.0,1.0,1.0,1.0
KGKA-BKG-043-2021-MSMT-1,0.0,0.0,0.0,0.0,0.0,0.0,0.0,0.0,0.0,1.0,1.0,1.0,1.0,1.0,0.0
KGMU-NSB-257-2021-MSMT-1,0.0,0.0,0.0,0.0,0.0,0.0,0.0,0.0,0.0,0.0,0.0,0.0,0.0,0.0,0.0
KGBI-KZB-043-2021-MSMT-1,159.0,131.0,365.0,365.0,365.0,234.0,159.0,248.0,89.0,222.0,132.0,296.0,296.0,296.0,164.0
KGMU-NSB-197-2021-MSMT-1,3.0,1.0,11.0,11.0,11.0,10.0,9.0,12.0,3.0,14.0,3.0,5.0,5.0,5.0,2.0
KGKA-BKG-140-2021-MSMT-1,1.0,3.0,4.0,4.0,4.0,1.0,0.0,1.0,1.0,8.0,4.0,12.0,12.0,12.0,8.0
KGKY-RUG-074-2021-MSMT-1,1.0,1.0,2.0,2.0,2.0,1.0,1.0,2.0,1.0,0.0,0.0,2.0,2.0,2.0,2.0
KGNG-CVU-105-2021-MSMT-1,2.0,8.0,39.0,39.0,39.0,31.0,24.0,47.0,23.0,31.0,9.0,11.0,11.0,11.0,2.0
KGMU-NSB-023-2021-MSMT-1,56.0,49.0,181.0,181.0,181.0,132.0,63.0,107.0,44.0,86.0,63.0,154.0,154.0,154.0,91.0
KGKY-RWB-136-2021-MSMT-1,1.0,9.0,36.0,36.0,36.0,27.0,19.0,37.0,18.0,24.0,5.0,8.0,8.0,8.0,3.0
KGMU-NSB-303-2021-MSMT-1,0.0,0.0,0.0,0.0,0.0,0.0,0.0,1.0,1.0,1.0,0.0,1.0,1.0,1.0,1.0
KGKY-BKG-147-2021-MSMT-1,51.0,39.0,108.0,108.0,108.0,69.0,35.0,48.0,13.0,58.0,37.0,93.0,93.0,93.0,56.0
KGKA-BKG-134-2021-MSMT-1,9.0,20.0,57.0,57.0,57.0,37.0,20.0,54.0,34.0,52.0,9.0,16.0,16.0,16.0,7.0
KGMU-NSB-259-2021-MSMT-1,32.0,23.0,85.0,85.0,85.0,62.0,40.0,55.0,15.0,60.0,30.0,62.0,62.0,62.0,32.0
KGKA-BKG-126-2021-MSMT-1,176.0,205.0,440.0,440.0,440.0,235.0,274.0,490.0,216.0,474.0,203.0,464.0,464.0,464.0,261.0
KGMU-NSB-013-2021-MSMT-1,14.0,28.0,49.0,49.0,49.0,21.0,25.0,43.0,18.0,55.0,26.0,54.0,54.0,54.0,28.0
KGMU-NSB-324-2021-MSMT-1,113.0,140.0,461.0,461.0,461.0,321.0,224.0,330.0,106.0,340.0,113.0,341.0,341.0,341.0,228.0
KGKA-BKG-271-2021-MSMT-1,8.0,11.0,34.0,34.0,34.0,23.0,18.0,33.0,15.0,21.0,9.0,14.0,14.0,14.0,5.0
KGKY-RUG-027-2021-MSMT-1,0.0,0.0,0.0,0.0,0.0,0.0,0.0,0.0,0.0,0.0,0.0,0.0,0.0,0.0,0.0
KGMU-NSB-031-2021-MSMT-1,36.0,31.0,79.0,79.0,79.0,48.0,30.0,55.0,25.0,55.0,39.0,80.0,80.0,80.0,41.0
KGKY-RUG-062-2021-MSMT-1,2.0,2.0,20.0,20.0,20.0,18.0,10.0,17.0,7.0,19.0,4.0,11.0,11.0,11.0,7.0
KGKY-RWB-025-2021-MSMT-1,0.0,0.0,0.0,0.0,0.0,0.0,2.0,2.0,0.0,0.0,0.0,0.0,0.0,0.0,0.0
KGNG-CVU-263-2021-MSMT-1,0.0,0.0,0.0,0.0,0.0,0.0,0.0,1.0,1.0,0.0,0.0,0.0,0.0,0.0,0.0
KGKA-BKG-085-2021-MSMT-1,3.0,4.0,19.0,19.0,19.0,15.0,19.0,37.0,18.0,21.0,8.0,14.0,14.0,14.0,6.0
KGKY-RWB-035-2021-MSMT-1,8.0,8.0,17.0,17.0,17.0,9.0,9.0,21.0,12.0,17.0,9.0,24.0,24.0,24.0,15.0
KGBR-BTU-061-2021-MSMT-1,15.0,6.0,37.0,37.0,37.0,31.0,13.0,17.0,4.0,16.0,9.0,28.0,28.0,28.0,19.0
KGBI-KZB-007-2021-MSMT-1,6.0,2.0,6.0,6.0,6.0,4.0,5.0,8.0,3.0,8.0,4.0,10.0,10.0,10.0,6.0
KGKA-BKG-115-2021-MSMT-1,2972.0,4824.0,10267.0,10267.0,10267.0,5443.0,5634.0,10472.0,4838.0,10790.0,5238.0,10482.0,10482.0,10482.0,5244.0
KGKY-RWB-187-2021-MSMT-1,0.0,0.0,0.0,0.0,0.0,0.0,0.0,0.0,0.0,0.0,0.0,0.0,0.0,0.0,0.0
KGKY-RWB-094-2021-MSMT-1,1.0,10.0,26.0,26.0,26.0,16.0,18.0,37.0,19.0,29.0,4.0,9.0,9.0,9.0,5.0
KGKY-RUG-078-2021-MSMT-1,28.0,28.0,63.0,63.0,63.0,35.0,37.0,67.0,30.0,66.0,27.0,64.0,64.0,64.0,37.0
KGMU-RSW-050-2021-MSMT-1,0.0,0.0,0.0,0.0,0.0,0.0,2.0,2.0,0.0,0.0,0.0,0.0,0.0,0.0,0.0
KGBI-KZB-015-2021-MSMT-1,240.0,172.0,495.0,495.0,495.0,323.0,177.0,312.0,135.0,281.0,207.0,462.0,462.0,462.0,255.0
KGMU-RSW-006-2021-MSMT-1,0.0,0.0,0.0,0.0,0.0,0.0,1.0,1.0,0.0,1.0,0.0,0.0,0.0,0.0,0.0
KGNG-CVU-062-2021-MSMT-1,0.0,0.0,1.0,1.0,1.0,1.0,0.0,0.0,0.0,0.0,0.0,0.0,0.0,0.0,0.0
KGMI-KYK-083-2021-MSMT-1,15.0,9.0,34.0,34.0,34.0,25.0,8.0,18.0,10.0,32.0,16.0,33.0,33.0,33.0,17.0
KGNG-CVU-088-2021-MSMT-1,9.0,10.0,20.0,20.0,20.0,10.0,5.0,10.0,5.0,6.0,6.0,12.0,12.0,12.0,6.0
KGMI-KYK-001-2021-MSMT-1,315.0,188.0,629.0,629.0,629.0,441.0,225.0,341.0,116.0,341.0,254.0,559.0,559.0,559.0,305.0
KGKY-RWB-023-2021-MSMT-1,14.0,14.0,47.0,47.0,47.0,33.0,17.0,26.0,9.0,36.0,18.0,48.0,48.0,48.0,30.0
KGMU-NSB-300-2021-MSMT-1,1.0,2.0,14.0,14.0,14.0,12.0,5.0,9.0,4.0,19.0,4.0,7.0,7.0,7.0,3.0
KGNG-CVU-004-2021-MSMT-1,158.0,121.0,524.0,524.0,524.0,403.0,224.0,330.0,106.0,300.0,153.0,421.0,421.0,421.0,268.0
KGNG-NTG-055-2021-MSMT-1,66.0,63.0,180.0,180.0,180.0,117.0,60.0,113.0,53.0,108.0,60.0,148.0,148.0,148.0,88.0
KGNG-CVU-035-2021-MSMT-1,0.0,0.0,0.0,0.0,0.0,0.0,0.0,1.0,1.0,1.0,1.0,1.0,1.0,1.0,0.0
KGKY-BKG-150-2021-MSMT-1,12.0,5.0,40.0,40.0,40.0,35.0,31.0,53.0,22.0,39.0,9.0,15.0,15.0,15.0,6.0
KGKA-BKG-260-2021-MSMT-1,0.0,0.0,0.0,0.0,0.0,0.0,0.0,0.0,0.0,0.0,0.0,0.0,0.0,0.0,0.0
KGNG-CVU-013-2021-MSMT-1,5.0,5.0,11.0,11.0,11.0,6.0,9.0,11.0,2.0,9.0,5.0,9.0,9.0,9.0,4.0
KGKA-BKG-202-2021-MSMT-1,18.0,20.0,57.0,57.0,57.0,37.0,26.0,41.0,15.0,48.0,17.0,46.0,46.0,46.0,29.0
KGNG-CVU-073-2021-MSMT-1,0.0,0.0,2.0,2.0,2.0,2.0,3.0,7.0,4.0,3.0,0.0,1.0,1.0,1.0,1.0
KGKY-RWB-098-2021-MSMT-1,0.0,0.0,0.0,0.0,0.0,0.0,0.0,0.0,0.0,0.0,0.0,0.0,0.0,0.0,0.0
KGMI-KYK-072-2021-MSMT-1,3.0,8.0,12.0,12.0,12.0,4.0,8.0,12.0,4.0,12.0,8.0,11.0,11.0,11.0,3.0
KGNG-CVU-089-2021-MSMT-1,4.0,3.0,9.0,9.0,9.0,6.0,3.0,4.0,1.0,6.0,1.0,7.0,7.0,7.0,6.0
KGNG-CVU-259-2021-MSMT-1,0.0,0.0,0.0,0.0,0.0,0.0,0.0,0.0,0.0,0.0,0.0,0.0,0.0,0.0,0.0
KGNG-CVU-083-2021-MSMT-1,17.0,11.0,28.0,28.0,28.0,17.0,7.0,16.0,9.0,23.0,20.0,43.0,43.0,43.0,23.0
KGNG-CVU-171-2021-MSMT-1,24.0,11.0,42.0,42.0,42.0,31.0,6.0,16.0,10.0,16.0,14.0,37.0,37.0,37.0,23.0
KGKY-RUG-037-2021-MSMT-1,4.0,3.0,7.0,7.0,7.0,4.0,1.0,3.0,2.0,6.0,3.0,9.0,9.0,9.0,6.0
KGMU-RSW-047-2021-MSMT-1,407.0,240.0,930.0,930.0,930.0,690.0,316.0,497.0,181.0,570.0,358.0,812.0,812.0,812.0,454.0
KGNG-CVU-050-2021-MSMT-1,189.0,104.0,445.0,445.0,445.0,341.0,161.0,265.0,104.0,252.0,141.0,360.0,360.0,360.0,219.0
KGKA-BKG-020-2021-MSMT-1,102.0,58.0,172.0,172.0,172.0,114.0,60.0,80.0,20.0,83.0,57.0,151.0,151.0,151.0,94.0
KGNG-NTG-030-2021-MSMT-1,182.0,118.0,407.0,407.0,407.0,289.0,151.0,251.0,100.0,214.0,147.0,353.0,353.0,353.0,206.0
KGMU-NSB-080-2021-MSMT-1,441.0,494.0,1068.0,1068.0,1068.0,574.0,613.0,1130.0,517.0,1074.0,528.0,1107.0,1107.0,1107.0,579.0
KGNG-CVU-152-2021-MSMT-1,0.0,5.0,13.0,13.0,13.0,8.0,6.0,7.0,1.0,4.0,2.0,5.0,5.0,5.0,3.0
KGMU-NSB-036-2021-MSMT-1,125.0,84.0,330.0,330.0,330.0,246.0,120.0,194.0,74.0,191.0,105.0,260.0,260.0,260.0,155.0
KGMU-NSB-012-2021-MSMT-1,426.0,255.0,924.0,924.0,924.0,669.0,344.0,562.0,218.0,518.0,302.0,790.0,790.0,790.0,488.0
KGMU-RSW-041-2021-MSMT-1,0.0,0.0,0.0,0.0,0.0,0.0,2.0,3.0,1.0,2.0,0.0,3.0,3.0,3.0,3.0
KGNG-CVU-048-2021-MSMT-1,5.0,0.0,0.0,0.0,0.0,0.0,0.0,0.0,0.0,0.0,0.0,0.0,0.0,0.0,0.0
KGMU-RSW-039-2021-MSMT-1,70.0,42.0,142.0,142.0,142.0,100.0,47.0,68.0,21.0,75.0,45.0,102.0,102.0,102.0,57.0
KGKY-RWB-114-2021-MSMT-1,445.0,577.0,1288.0,1288.0,1288.0,711.0,711.0,1409.0,698.0,1467.0,695.0,1394.0,1394.0,1394.0,699.0
KGNG-CVU-101-2021-MSMT-1,53.0,38.0,122.0,122.0,122.0,84.0,56.0,86.0,30.0,73.0,48.0,123.0,123.0,123.0,75.0
KGNG-CVU-016-2021-MSMT-1,0.0,2.0,5.0,5.0,5.0,3.0,2.0,2.0,0.0,4.0,1.0,1.0,1.0,1.0,0.0
KGNG-CVU-161-2021-MSMT-1,0.0,2.0,6.0,6.0,6.0,4.0,7.0,17.0,10.0,12.0,1.0,1.0,1.0,1.0,0.0
KGKY-RUG-032-2021-MSMT-1,335.0,247.0,1086.0,1086.0,1086.0,839.0,377.0,643.0,266.0,620.0,334.0,811.0,811.0,811.0,477.0
KGBI-KZB-052-2021-MSMT-1,0.0,0.0,0.0,0.0,0.0,0.0,0.0,1.0,1.0,0.0,0.0,0.0,0.0,0.0,0.0
KGKY-RWB-081-2021-MSMT-1,3.0,0.0,8.0,8.0,8.0,8.0,4.0,5.0,1.0,1.0,0.0,7.0,7.0,7.0,7.0
KGMU-NSB-203-2021-MSMT-1,48.0,30.0,126.0,126.0,126.0,96.0,31.0,62.0,31.0,69.0,41.0,103.0,103.0,103.0,62.0
KGMU-NSB-355-2021-MSMT-1,104.0,115.0,242.0,242.0,242.0,127.0,117.0,228.0,111.0,237.0,116.0,249.0,249.0,249.0,133.0
KGMU-NSB-069-2021-MSMT-1,62.0,72.0,133.0,133.0,133.0,61.0,97.0,168.0,71.0,157.0,71.0,148.0,148.0,148.0,77.0
KGNG-CVU-075-2021-MSMT-1,19.0,8.0,25.0,25.0,25.0,17.0,10.0,20.0,10.0,29.0,23.0,49.0,49.0,49.0,26.0
KGKA-BKG-080-2021-MSMT-1,14.0,11.0,38.0,38.0,38.0,27.0,19.0,36.0,17.0,31.0,10.0,17.0,17.0,17.0,7.0
KGNG-CVU-040-2021-MSMT-1,0.0,0.0,0.0,0.0,0.0,0.0,0.0,0.0,0.0,0.0,0.0,0.0,0.0,0.0,0.0
KGNG-NTG-014-2021-MSMT-1,30.0,34.0,74.0,74.0,74.0,40.0,44.0,72.0,28.0,66.0,39.0,84.0,84.0,84.0,45.0
KGMU-NSB-250-2021-MSMT-1,1.0,0.0,0.0,0.0,0.0,0.0,2.0,3.0,1.0,0.0,0.0,2.0,2.0,2.0,2.0
KGMU-NSB-338-2021-MSMT-1,23.0,21.0,39.0,39.0,39.0,18.0,13.0,42.0,29.0,39.0,29.0,54.0,54.0,54.0,25.0
KGKY-RUG-066-2021-MSMT-1,9.0,7.0,16.0,16.0,16.0,9.0,13.0,28.0,15.0,21.0,6.0,13.0,13.0,13.0,7.0
KGKA-BKG-123-2021-MSMT-1,8.0,11.0,32.0,32.0,32.0,21.0,23.0,39.0,16.0,24.0,9.0,16.0,16.0,16.0,7.0
KGBI-KZB-033-2021-MSMT-1,6.0,8.0,14.0,14.0,14.0,6.0,10.0,25.0,15.0,14.0,1.0,8.0,8.0,8.0,7.0
KGMU-NSB-034-2021-MSMT-1,6.0,2.0,7.0,7.0,7.0,5.0,2.0,5.0,3.0,5.0,4.0,10.0,10.0,10.0,6.0
KGNG-CVU-063-2021-MSMT-1,0.0,0.0,1.0,1.0,1.0,1.0,0.0,0.0,0.0,1.0,0.0,0.0,0.0,0.0,0.0
KGKA-BKG-242-2021-MSMT-1,2426.0,2995.0,6490.0,6490.0,6490.0,3495.0,3868.0,6784.0,2916.0,6821.0,3167.0,6726.0,6726.0,6726.0,3559.0
KGKA-BKG-054-2021-MSMT-1,0.0,0.0,0.0,0.0,0.0,0.0,0.0,0.0,0.0,0.0,0.0,0.0,0.0,0.0,0.0
KGKY-RWB-196-2021-MSMT-1,2381.0,3087.0,6670.0,6670.0,6670.0,3583.0,3605.0,6621.0,3016.0,6970.0,3206.0,6761.0,6761.0,6761.0,3555.0
KGKA-BKG-129-2021-MSMT-1,5.0,11.0,44.0,44.0,44.0,33.0,21.0,44.0,23.0,21.0,7.0,16.0,17.0,17.0,10.0
KGKY-RWB-158-2021-MSMT-1,1.0,9.0,40.0,40.0,40.0,31.0,22.0,47.0,25.0,22.0,5.0,10.0,10.0,10.0,5.0
KGKY-RWB-181-2021-MSMT-1,36.0,37.0,75.0,75.0,75.0,38.0,50.0,94.0,44.0,93.0,47.0,114.0,114.0,114.0,67.0
KGMU-NSB-050-2021-MSMT-1,8.0,17.0,31.0,31.0,31.0,14.0,17.0,29.0,12.0,24.0,18.0,37.0,37.0,37.0,19.0
KGMU-NSB-274-2021-MSMT-1,5.0,7.0,16.0,16.0,16.0,9.0,6.0,8.0,2.0,7.0,2.0,3.0,3.0,3.0,1.0
KGKA-BKG-192-2021-MSMT-1,0.0,1.0,2.0,2.0,2.0,1.0,0.0,0.0,0.0,0.0,0.0,0.0,0.0,0.0,0.0
KGMU-NSB-320-2021-MSMT-1,131.0,159.0,368.0,368.0,368.0,209.0,213.0,379.0,166.0,346.0,177.0,368.0,368.0,368.0,191.0
KGMU-NSB-343-2021-MSMT-1,0.0,0.0,2.0,2.0,2.0,2.0,1.0,1.0,0.0,3.0,1.0,2.0,2.0,2.0,1.0
KGMU-NSB-337-2021-MSMT-1,116.0,110.0,248.0,248.0,248.0,138.0,126.0,221.0,95.0,249.0,124.0,255.0,255.0,255.0,131.0
KGMU-NSB-038-2021-MSMT-1,2.0,0.0,0.0,0.0,0.0,0.0,1.0,1.0,0.0,2.0,1.0,1.0,1.0,1.0,0.0
KGMU-NSB-179-2021-MSMT-1,1.0,1.0,9.0,9.0,9.0,8.0,9.0,14.0,5.0,7.0,1.0,2.0,2.0,2.0,1.0
KGKA-BKG-209-2021-MSMT-1,0.0,0.0,0.0,0.0,0.0,0.0,0.0,1.0,1.0,1.0,0.0,0.0,0.0,0.0,0.0
KGBI-KZB-012-2021-MSMT-1,35.0,35.0,81.0,81.0,81.0,46.0,23.0,41.0,18.0,47.0,36.0,73.0,73.0,73.0,37.0
KGNG-NTG-029-2021-MSMT-1,113.0,72.0,205.0,205.0,205.0,133.0,57.0,83.0,26.0,83.0,56.0,154.0,154.0,154.0,98.0
KGNG-CVU-112-2021-MSMT-1,1.0,9.0,20.0,20.0,20.0,11.0,17.0,28.0,11.0,9.0,2.0,7.0,7.0,7.0,5.0
KGNG-CVU-078-2021-MSMT-1,0.0,1.0,2.0,2.0,2.0,1.0,1.0,3.0,2.0,3.0,2.0,4.0,4.0,4.0,2.0
KGMI-KYK-079-2021-MSMT-1,8.0,24.0,49.0,49.0,49.0,26.0,20.0,35.0,15.0,42.0,17.0,40.0,40.0,40.0,23.0
KGNG-CVU-033-2021-MSMT-1,6.0,5.0,16.0,16.0,16.0,11.0,3.0,11.0,8.0,12.0,7.0,19.0,19.0,19.0,12.0
KGKY-RWB-179-2021-MSMT-1,5.0,9.0,22.0,22.0,22.0,13.0,9.0,22.0,13.0,13.0,2.0,5.0,5.0,5.0,3.0
KGBR-BTU-024-2021-MSMT-1,141.0,90.0,278.0,278.0,278.0,188.0,103.0,160.0,57.0,153.0,97.0,218.0,218.0,218.0,121.0
KGBR-BUZ-011-2021-MSMT-1,16.0,5.0,24.0,24.0,24.0,19.0,11.0,20.0,9.0,15.0,12.0,21.0,21.0,21.0,9.0
KGKA-BKG-224-2021-MSMT-1,0.0,0.0,0.0,0.0,0.0,0.0,0.0,0.0,0.0,0.0,0.0,0.0,0.0,0.0,0.0
KGMI-KYK-067-2021-MSMT-1,6.0,14.0,37.0,37.0,37.0,23.0,12.0,23.0,11.0,12.0,4.0,23.0,23.0,23.0,19.0
KGNG-CVU-125-2021-MSMT-1,1.0,3.0,17.0,17.0,17.0,14.0,21.0,47.0,26.0,38.0,7.0,7.0,7.0,7.0,0.0
KGKY-RWB-024-2021-MSMT-1,202.0,138.0,486.0,486.0,486.0,348.0,208.0,304.0,96.0,251.0,138.0,358.0,358.0,358.0,220.0
KGMU-NSB-344-2021-MSMT-1,501.0,532.0,1183.0,1183.0,1183.0,651.0,654.0,1184.0,530.0,1145.0,547.0,1167.0,1167.0,1167.0,620.0
KGMU-NSB-276-2021-MSMT-1,7.0,4.0,9.0,9.0,9.0,5.0,7.0,10.0,3.0,12.0,9.0,15.0,15.0,15.0,6.0
KGMU-NSB-225-2021-MSMT-1,588.0,766.0,1595.0,1595.0,1595.0,829.0,891.0,1644.0,753.0,1715.0,767.0,1664.0,1664.0,1664.0,897.0
KGKA-BKG-112-2021-MSMT-1,39.0,42.0,72.0,72.0,72.0,30.0,49.0,96.0,47.0,63.0,32.0,77.0,77.0,77.0,45.0
KGMU-NSB-195-2021-MSMT-1,43.0,54.0,182.0,182.0,182.0,128.0,68.0,115.0,47.0,139.0,52.0,143.0,143.0,143.0,91.0
KGKY-RUG-040-2021-MSMT-1,641.0,276.0,1100.0,1100.0,1100.0,824.0,375.0,612.0,237.0,670.0,488.0,1070.0,1070.0,1070.0,582.0
KGMU-RSW-042-2021-MSMT-1,6.0,5.0,21.0,21.0,21.0,16.0,6.0,14.0,8.0,14.0,6.0,12.0,12.0,12.0,6.0
KGKY-RWB-131-2021-MSMT-1,0.0,0.0,0.0,0.0,0.0,0.0,0.0,0.0,0.0,0.0,0.0,0.0,0.0,0.0,0.0
KGNG-CVU-246-2021-MSMT-1,0.0,0.0,4.0,4.0,4.0,4.0,7.0,10.0,3.0,10.0,1.0,3.0,3.0,3.0,2.0
KGKY-RWB-130-2021-MSMT-1,0.0,5.0,21.0,21.0,21.0,16.0,10.0,30.0,20.0,26.0,6.0,10.0,10.0,10.0,4.0
KGKY-BKG-152-2021-MSMT-1,10.0,21.0,63.0,63.0,63.0,42.0,22.0,57.0,35.0,45.0,9.0,19.0,19.0,19.0,10.0
KGKY-RUG-049-2021-MSMT-1,18.0,14.0,37.0,37.0,37.0,23.0,10.0,13.0,3.0,22.0,19.0,48.0,48.0,48.0,29.0
KGMU-NSB-029-2021-MSMT-1,0.0,0.0,2.0,2.0,2.0,2.0,0.0,0.0,0.0,1.0,0.0,1.0,1.0,1.0,1.0
KGMU-RSW-044-2021-MSMT-1,3.0,6.0,10.0,10.0,10.0,4.0,11.0,18.0,7.0,6.0,3.0,8.0,8.0,8.0,5.0
KGMU-NSB-008-2021-MSMT-1,179.0,116.0,326.0,326.0,326.0,210.0,104.0,166.0,62.0,165.0,103.0,265.0,265.0,265.0,162.0
KGBR-BUZ-020-2021-MSMT-1,5.0,11.0,26.0,26.0,26.0,15.0,11.0,19.0,8.0,24.0,13.0,24.0,24.0,24.0,11.0
KGBR-BTU-054-2021-MSMT-1,243.0,185.0,701.0,701.0,701.0,516.0,259.0,456.0,197.0,363.0,240.0,579.0,579.0,579.0,339.0
KGKA-BKG-070-2021-MSMT-1,3.0,4.0,11.0,11.0,11.0,7.0,8.0,15.0,7.0,14.0,5.0,13.0,13.0,13.0,8.0
KGNG-CVU-024-2021-MSMT-1,16.0,14.0,35.0,35.0,35.0,21.0,20.0,29.0,9.0,34.0,12.0,32.0,32.0,32.0,20.0
KGBR-BTU-072-2021-MSMT-1,2.0,6.0,16.0,16.0,16.0,10.0,7.0,12.0,5.0,13.0,10.0,19.0,19.0,19.0,9.0
KGNG-CVU-054-2021-MSMT-1,0.0,0.0,0.0,0.0,0.0,0.0,1.0,2.0,1.0,2.0,0.0,0.0,0.0,0.0,0.0
KGMU-NSB-354-2021-MSMT-1,23.0,16.0,51.0,51.0,51.0,35.0,36.0,57.0,21.0,50.0,24.0,53.0,53.0,53.0,29.0
KGMI-KYK-040-2021-MSMT-1,3.0,1.0,5.0,5.0,5.0,4.0,1.0,2.0,1.0,5.0,4.0,4.0,4.0,4.0,0.0
KGMU-NSB-209-2021-MSMT-1,6.0,4.0,26.0,26.0,26.0,22.0,20.0,36.0,16.0,33.0,6.0,11.0,11.0,11.0,5.0
KGMU-NSB-297-2021-MSMT-1,0.0,0.0,9.0,9.0,9.0,9.0,3.0,6.0,3.0,3.0,1.0,1.0,1.0,1.0,0.0
KGNG-CVU-067-2021-MSMT-1,14.0,11.0,25.0,25.0,25.0,14.0,23.0,39.0,16.0,35.0,22.0,42.0,42.0,42.0,20.0
KGNG-CVU-224-2021-MSMT-1,0.0,3.0,13.0,13.0,13.0,10.0,12.0,23.0,11.0,13.0,0.0,3.0,3.0,3.0,3.0
KGMI-KYK-042-2021-MSMT-1,304.0,195.0,634.0,634.0,634.0,439.0,226.0,331.0,105.0,379.0,266.0,546.0,546.0,546.0,280.0
KGBR-BTU-053-2021-MSMT-1,8.0,13.0,29.0,29.0,29.0,16.0,9.0,27.0,18.0,41.0,32.0,56.0,56.0,56.0,24.0
KGMI-KYK-059-2021-MSMT-1,1.0,1.0,3.0,3.0,3.0,2.0,0.0,1.0,1.0,1.0,1.0,1.0,1.0,1.0,0.0
KGNG-NTG-034-2021-MSMT-1,174.0,117.0,356.0,356.0,356.0,239.0,141.0,240.0,99.0,207.0,127.0,293.0,293.0,293.0,166.0
KGKA-BKG-089-2021-MSMT-1,47.0,67.0,135.0,135.0,135.0,68.0,73.0,126.0,53.0,132.0,79.0,142.0,142.0,142.0,63.0
KGKY-RUG-013-2021-MSMT-1,3.0,2.0,4.0,4.0,4.0,2.0,1.0,3.0,2.0,0.0,0.0,4.0,4.0,4.0,4.0
KGMU-NSB-326-2021-MSMT-1,0.0,0.0,0.0,0.0,0.0,0.0,0.0,0.0,0.0,0.0,0.0,0.0,0.0,0.0,0.0
KGMU-NSB-015-2021-MSMT-1,1.0,0.0,1.0,1.0,1.0,1.0,1.0,1.0,0.0,1.0,1.0,1.0,1.0,1.0,0.0
KGKY-RWB-118-2021-MSMT-1,4.0,5.0,10.0,10.0,10.0,5.0,8.0,20.0,12.0,24.0,9.0,19.0,19.0,19.0,10.0
KGKA-BKG-038-2021-MSMT-1,0.0,0.0,0.0,0.0,0.0,0.0,0.0,0.0,0.0,0.0,0.0,0.0,0.0,0.0,0.0
KGKA-BKG-092-2021-MSMT-1,1928.0,2332.0,5338.0,5338.0,5338.0,3006.0,3253.0,5779.0,2526.0,5816.0,2723.0,5557.0,5557.0,5557.0,2834.0
KGKA-BKG-178-2021-MSMT-1,4.0,12.0,36.0,36.0,36.0,24.0,18.0,44.0,26.0,25.0,9.0,18.0,18.0,18.0,9.0
KGBR-BTU-011-2021-MSMT-1,12.0,30.0,63.0,63.0,63.0,33.0,61.0,115.0,54.0,77.0,22.0,43.0,43.0,43.0,21.0
KGNG-CVU-076-2021-MSMT-1,6.0,2.0,11.0,11.0,11.0,9.0,2.0,4.0,2.0,9.0,6.0,12.0,12.0,12.0,6.0
KGKA-BKG-185-2021-MSMT-1,2.0,17.0,40.0,40.0,40.0,23.0,30.0,59.0,29.0,49.0,12.0,27.0,27.0,27.0,15.0
KGNG-CVU-199-2021-MSMT-1,0.0,1.0,2.0,2.0,2.0,1.0,7.0,16.0,9.0,4.0,0.0,1.0,1.0,1.0,1.0
KGKA-BKG-050-2021-MSMT-1,0.0,0.0,0.0,0.0,0.0,0.0,0.0,0.0,0.0,0.0,0.0,0.0,0.0,0.0,0.0
KGNG-NTG-013-2021-MSMT-1,91.0,59.0,181.0,181.0,181.0,122.0,101.0,164.0,63.0,133.0,70.0,172.0,172.0,172.0,102.0
KGMI-KYK-081-2021-MSMT-1,299.0,234.0,1121.0,1121.0,1121.0,887.0,440.0,810.0,370.0,797.0,322.0,819.0,819.0,819.0,497.0
KGKA-BKG-065-2021-MSMT-1,14.0,18.0,40.0,40.0,40.0,22.0,22.0,39.0,17.0,25.0,6.0,11.0,11.0,11.0,5.0
KGKY-RWB-123-2021-MSMT-1,0.0,0.0,0.0,0.0,0.0,0.0,0.0,0.0,0.0,0.0,0.0,0.0,0.0,0.0,0.0
KGNG-CVU-238-2021-MSMT-1,0.0,0.0,0.0,0.0,0.0,0.0,4.0,4.0,0.0,2.0,0.0,0.0,0.0,0.0,0.0
KGMU-NSB-314-2021-MSMT-1,75.0,79.0,195.0,195.0,195.0,116.0,111.0,208.0,97.0,196.0,92.0,187.0,187.0,187.0,95.0
KGKA-BKG-248-2021-MSMT-1,0.0,2.0,2.0,2.0,2.0,0.0,2.0,8.0,6.0,4.0,2.0,2.0,2.0,2.0,0.0
KGKY-RWB-034-2021-MSMT-1,0.0,0.0,0.0,0.0,0.0,0.0,0.0,0.0,0.0,0.0,0.0,0.0,0.0,0.0,0.0
KGBI-KZB-026-2021-MSMT-1,227.0,130.0,431.0,431.0,431.0,301.0,44.0,142.0,98.0,259.0,159.0,370.0,370.0,370.0,211.0
KGMI-KYK-062-2021-MSMT-1,7.0,10.0,21.0,21.0,21.0,11.0,13.0,19.0,6.0,21.0,10.0,28.0,28.0,28.0,18.0
KGBR-BTU-052-2021-MSMT-1,169.0,128.0,484.0,484.0,484.0,355.0,182.0,284.0,102.0,256.0,148.0,387.0,387.0,387.0,239.0
KGNG-CVU-055-2021-MSMT-1,12.0,6.0,13.0,13.0,13.0,7.0,9.0,12.0,3.0,8.0,5.0,12.0,12.0,12.0,7.0
KGKY-RUG-029-2021-MSMT-1,0.0,0.0,1.0,1.0,1.0,1.0,0.0,1.0,1.0,0.0,0.0,0.0,0.0,0.0,0.0
KGKY-RWB-159-2021-MSMT-1,0.0,0.0,0.0,0.0,0.0,0.0,1.0,3.0,2.0,1.0,1.0,1.0,1.0,1.0,0.0
KGMU-NSB-266-2021-MSMT-1,5.0,4.0,8.0,8.0,8.0,4.0,6.0,11.0,5.0,11.0,5.0,13.0,13.0,13.0,8.0
KGNG-CVU-117-2021-MSMT-1,64.0,51.0,187.0,187.0,187.0,136.0,77.0,135.0,58.0,143.0,86.0,176.0,175.0,175.0,90.0
KGMU-NSB-100-2021-MSMT-1,14.0,8.0,25.0,25.0,25.0,17.0,13.0,22.0,9.0,23.0,16.0,32.0,32.0,32.0,16.0
KGKY-RWB-020-2021-MSMT-1,332.0,218.0,827.0,827.0,827.0,609.0,335.0,570.0,235.0,488.0,275.0,645.0,645.0,645.0,370.0
KGKY-RUG-011-2021-MSMT-1,0.0,0.0,0.0,0.0,0.0,0.0,0.0,0.0,0.0,0.0,0.0,0.0,0.0,0.0,0.0
KGBI-KZB-010-2021-MSMT-1,0.0,0.0,0.0,0.0,0.0,0.0,0.0,0.0,0.0,0.0,0.0,0.0,0.0,0.0,0.0
KGMU-NSB-328-2021-MSMT-1,354.0,368.0,867.0,867.0,867.0,499.0,517.0,919.0,402.0,877.0,430.0,920.0,920.0,920.0,490.0
KGNG-CVU-119-2021-MSMT-1,4.0,10.0,26.0,26.0,26.0,16.0,5.0,11.0,6.0,11.0,6.0,24.0,24.0,24.0,18.0
KGMU-NSB-222-2021-MSMT-1,0.0,0.0,0.0,0.0,0.0,0.0,0.0,0.0,0.0,0.0,0.0,0.0,0.0,0.0,0.0
KGKY-RUG-007-2021-MSMT-1,0.0,0.0,1.0,1.0,1.0,1.0,1.0,2.0,1.0,0.0,0.0,0.0,0.0,0.0,0.0
KGKY-RWB-066-2021-MSMT-1,0.0,0.0,4.0,4.0,4.0,4.0,5.0,13.0,8.0,2.0,0.0,0.0,0.0,0.0,0.0
KGMU-NSB-351-2021-MSMT-1,0.0,0.0,0.0,0.0,0.0,0.0,0.0,0.0,0.0,0.0,0.0,0.0,0.0,0.0,0.0
KGKY-RWB-151-2021-MSMT-1,15.0,10.0,28.0,28.0,28.0,18.0,21.0,33.0,12.0,22.0,6.0,13.0,13.0,13.0,7.0
KGKY-RUG-067-2021-MSMT-1,79.0,101.0,203.0,203.0,203.0,102.0,141.0,257.0,116.0,227.0,107.0,234.0,234.0,234.0,127.0
KGKY-RWB-038-2021-MSMT-1,0.0,1.0,1.0,1.0,1.0,0.0,0.0,0.0,0.0,1.0,0.0,5.0,5.0,5.0,5.0
KGMU-NSB-204-2021-MSMT-1,0.0,0.0,0.0,0.0,0.0,0.0,0.0,0.0,0.0,1.0,1.0,1.0,1.0,1.0,0.0
KGNG-CVU-205-2021-MSMT-1,13.0,11.0,29.0,29.0,29.0,18.0,12.0,18.0,6.0,23.0,11.0,28.0,28.0,28.0,17.0
KGKY-RWB-027-2021-MSMT-1,263.0,259.0,899.0,899.0,899.0,640.0,339.0,564.0,225.0,583.0,295.0,701.0,701.0,701.0,406.0
KGBR-BTU-049-2021-MSMT-1,16.0,9.0,30.0,30.0,30.0,21.0,12.0,17.0,5.0,21.0,11.0,37.0,37.0,37.0,26.0
KGKA-BKG-183-2021-MSMT-1,0.0,13.0,36.0,36.0,36.0,23.0,32.0,49.0,17.0,35.0,9.0,14.0,14.0,14.0,5.0
KGNG-CVU-137-2021-MSMT-1,30.0,11.0,39.0,39.0,39.0,28.0,13.0,16.0,3.0,21.0,13.0,43.0,43.0,43.0,30.0
KGBR-BTU-070-2021-MSMT-1,3.0,4.0,9.0,9.0,9.0,5.0,4.0,7.0,3.0,7.0,5.0,9.0,9.0,9.0,4.0
KGKA-BKG-062-2021-MSMT-1,0.0,0.0,0.0,0.0,0.0,0.0,0.0,0.0,0.0,1.0,1.0,1.0,1.0,1.0,0.0
KGNG-NTG-008-2021-MSMT-1,155.0,169.0,521.0,521.0,521.0,352.0,225.0,348.0,123.0,358.0,142.0,373.0,373.0,373.0,231.0
KGKY-BKG-189-2021-MSMT-1,21.0,18.0,56.0,56.0,56.0,38.0,33.0,47.0,14.0,38.0,15.0,34.0,34.0,34.0,19.0
KGMU-NSB-135-2021-MSMT-1,9.0,15.0,47.0,47.0,47.0,32.0,26.0,38.0,12.0,36.0,24.0,50.0,50.0,50.0,26.0
KGMU-RSW-007-2021-MSMT-1,0.0,1.0,1.0,1.0,1.0,0.0,0.0,0.0,0.0,0.0,0.0,0.0,0.0,0.0,0.0
KGKA-BKG-033-2021-MSMT-1,0.0,0.0,0.0,0.0,0.0,0.0,0.0,0.0,0.0,1.0,1.0,2.0,2.0,2.0,1.0
KGKA-BKG-247-2021-MSMT-1,331.0,474.0,1021.0,1021.0,1021.0,547.0,599.0,1042.0,443.0,969.0,472.0,1017.0,1017.0,1017.0,545.0
KGMU-RSW-031-2021-MSMT-1,3.0,1.0,1.0,1.0,1.0,0.0,0.0,0.0,0.0,1.0,0.0,2.0,2.0,2.0,2.0
KGMU-NSB-299-2021-MSMT-1,3.0,0.0,5.0,5.0,5.0,5.0,6.0,9.0,3.0,8.0,0.0,1.0,1.0,1.0,1.0
KGBI-KZB-016-2021-MSMT-1,0.0,0.0,0.0,0.0,0.0,0.0,0.0,0.0,0.0,0.0,0.0,0.0,0.0,0.0,0.0
KGNG-CVU-151-2021-MSMT-1,0.0,0.0,0.0,0.0,0.0,0.0,0.0,0.0,0.0,0.0,0.0,0.0,0.0,0.0,0.0
KGKA-BKG-067-2021-MSMT-1,16.0,15.0,34.0,34.0,34.0,19.0,15.0,30.0,15.0,30.0,16.0,31.0,31.0,31.0,15.0
KGNG-CVU-086-2021-MSMT-1,0.0,0.0,12.0,12.0,12.0,12.0,8.0,19.0,11.0,12.0,3.0,3.0,3.0,3.0,0.0
KGMU-RSW-027-2021-MSMT-1,49.0,39.0,111.0,111.0,111.0,72.0,31.0,55.0,24.0,54.0,32.0,87.0,87.0,87.0,55.0
KGKA-BKG-132-2021-MSMT-1,0.0,3.0,13.0,13.0,13.0,10.0,11.0,34.0,23.0,14.0,8.0,12.0,12.0,12.0,4.0
KGBI-KZB-027-2021-MSMT-1,240.0,163.0,583.0,583.0,583.0,420.0,45.0,168.0,123.0,325.0,211.0,488.0,488.0,488.0,277.0
KGMU-NSB-056-2021-MSMT-1,0.0,0.0,0.0,0.0,0.0,0.0,0.0,0.0,0.0,0.0,0.0,0.0,0.0,0.0,0.0
KGKA-BKG-169-2021-MSMT-1,5.0,4.0,25.0,25.0,25.0,21.0,28.0,56.0,28.0,22.0,8.0,14.0,14.0,14.0,6.0
KGKY-BKG-151-2021-MSMT-1,0.0,3.0,5.0,5.0,5.0,2.0,2.0,2.0,0.0,3.0,0.0,2.0,2.0,2.0,2.0
KGBI-KZB-035-2021-MSMT-1,0.0,2.0,2.0,2.0,2.0,0.0,1.0,1.0,0.0,2.0,1.0,2.0,2.0,2.0,1.0
KGMU-NSB-091-2021-MSMT-1,9.0,10.0,25.0,25.0,25.0,15.0,8.0,18.0,10.0,15.0,9.0,20.0,20.0,20.0,11.0
KGMU-NSB-021-2021-MSMT-1,19.0,8.0,32.0,32.0,32.0,24.0,10.0,18.0,8.0,17.0,13.0,30.0,30.0,30.0,17.0
KGKA-BKG-101-2021-MSMT-1,3.0,5.0,13.0,13.0,13.0,8.0,14.0,19.0,5.0,18.0,10.0,16.0,16.0,16.0,6.0
KGMI-KYK-009-2021-MSMT-1,362.0,310.0,1134.0,1134.0,1134.0,824.0,407.0,684.0,277.0,651.0,405.0,934.0,934.0,934.0,529.0
KGMU-RSW-045-2021-MSMT-1,25.0,15.0,53.0,53.0,53.0,38.0,13.0,21.0,8.0,27.0,12.0,33.0,33.0,33.0,21.0
KGMU-NSB-049-2021-MSMT-1,23.0,14.0,47.0,47.0,47.0,33.0,14.0,17.0,3.0,25.0,17.0,37.0,37.0,37.0,20.0
KGKY-BKG-158-2021-MSMT-1,0.0,0.0,0.0,0.0,0.0,0.0,1.0,1.0,0.0,1.0,0.0,0.0,0.0,0.0,0.0
KGMU-RSW-034-2021-MSMT-1,6.0,6.0,15.0,15.0,15.0,9.0,7.0,10.0,3.0,7.0,5.0,13.0,13.0,13.0,8.0
KGKY-RWB-064-2021-MSMT-1,0.0,5.0,32.0,32.0,32.0,27.0,16.0,42.0,26.0,38.0,8.0,11.0,11.0,11.0,3.0
KGMU-RSW-040-2021-MSMT-1,0.0,0.0,0.0,0.0,0.0,0.0,0.0,0.0,0.0,0.0,0.0,0.0,0.0,0.0,0.0
KGNG-CVU-102-2021-MSMT-1,0.0,0.0,0.0,0.0,0.0,0.0,0.0,0.0,0.0,0.0,0.0,0.0,0.0,0.0,0.0
KGNG-NTG-032-2021-MSMT-1,94.0,55.0,153.0,153.0,153.0,98.0,74.0,111.0,37.0,100.0,53.0,122.0,122.0,122.0,69.0
KGNG-CVU-106-2021-MSMT-1,5.0,0.0,7.0,7.0,7.0,7.0,4.0,5.0,1.0,10.0,9.0,14.0,14.0,14.0,5.0
KGKA-BKG-210-2021-MSMT-1,4.0,4.0,22.0,22.0,22.0,18.0,14.0,22.0,8.0,15.0,3.0,9.0,9.0,9.0,6.0
KGKY-RWB-045-2021-MSMT-1,42.0,15.0,35.0,35.0,35.0,20.0,26.0,43.0,17.0,42.0,26.0,47.0,47.0,47.0,21.0
KGNG-NTG-010-2021-MSMT-1,0.0,1.0,1.0,1.0,1.0,0.0,0.0,0.0,0.0,2.0,1.0,2.0,2.0,2.0,1.0
KGMU-NSB-285-2021-MSMT-1,5.0,5.0,15.0,15.0,15.0,10.0,11.0,20.0,9.0,13.0,6.0,16.0,16.0,16.0,10.0
KGMU-NSB-068-2021-MSMT-1,1.0,0.0,0.0,0.0,0.0,0.0,0.0,1.0,1.0,1.0,0.0,0.0,0.0,0.0,0.0
KGMU-NSB-039-2021-MSMT-1,1.0,0.0,0.0,0.0,0.0,0.0,0.0,0.0,0.0,0.0,0.0,1.0,1.0,1.0,1.0
KGNG-CVU-007-2021-MSMT-1,0.0,1.0,2.0,2.0,2.0,1.0,3.0,4.0,1.0,4.0,1.0,1.0,1.0,1.0,0.0
KGMU-NSB-331-2021-MSMT-1,1.0,0.0,5.0,5.0,5.0,5.0,4.0,8.0,4.0,6.0,1.0,2.0,2.0,2.0,1.0
KGNG-CVU-181-2021-MSMT-1,93.0,58.0,195.0,195.0,195.0,137.0,76.0,94.0,18.0,121.0,51.0,129.0,129.0,129.0,78.0
KGKA-BKG-204-2021-MSMT-1,23.0,37.0,72.0,72.0,72.0,35.0,34.0,59.0,25.0,58.0,29.0,48.0,48.0,48.0,19.0
KGMU-NSB-315-2021-MSMT-1,40.0,30.0,79.0,79.0,79.0,49.0,22.0,36.0,14.0,39.0,26.0,80.0,80.0,80.0,54.0
KGMU-NSB-027-2021-MSMT-1,1.0,0.0,1.0,1.0,1.0,1.0,1.0,2.0,1.0,0.0,0.0,1.0,1.0,1.0,1.0
KGKY-RWB-048-2021-MSMT-1,142.0,75.0,265.0,265.0,265.0,190.0,79.0,131.0,52.0,141.0,104.0,214.0,214.0,214.0,110.0
KGNG-CVU-036-2021-MSMT-1,112.0,75.0,288.0,288.0,288.0,213.0,114.0,168.0,54.0,142.0,83.0,217.0,217.0,217.0,134.0
KGNG-CVU-250-2021-MSMT-1,0.0,0.0,0.0,0.0,0.0,0.0,0.0,0.0,0.0,0.0,0.0,0.0,0.0,0.0,0.0
KGNG-CVU-071-2021-MSMT-1,0.0,0.0,0.0,0.0,0.0,0.0,0.0,0.0,0.0,0.0,0.0,0.0,0.0,0.0,0.0
KGKY-BKG-159-2021-MSMT-1,4.0,8.0,30.0,30.0,30.0,22.0,18.0,39.0,21.0,35.0,6.0,14.0,14.0,14.0,8.0
KGMU-NSB-199-2021-MSMT-1,2.0,2.0,19.0,19.0,19.0,17.0,11.0,18.0,7.0,14.0,2.0,2.0,2.0,2.0,0.0
KGNG-CVU-001-2021-MSMT-1,197.0,138.0,583.0,583.0,583.0,445.0,208.0,335.0,127.0,357.0,164.0,423.0,423.0,423.0,259.0
KGNG-NTG-005-2021-MSMT-1,6.0,12.0,33.0,33.0,33.0,21.0,22.0,38.0,16.0,29.0,6.0,18.0,18.0,18.0,12.0
KGNG-CVU-170-2021-MSMT-1,30.0,33.0,67.0,67.0,67.0,34.0,17.0,28.0,11.0,39.0,28.0,55.0,55.0,55.0,27.0
KGKA-BKG-177-2021-MSMT-1,151.0,248.0,496.0,496.0,496.0,248.0,31.0,250.0,219.0,565.0,253.0,537.0,537.0,537.0,284.0
KGNG-CVU-173-2021-MSMT-1,0.0,2.0,16.0,16.0,16.0,14.0,15.0,32.0,17.0,12.0,4.0,5.0,5.0,5.0,1.0
KGNG-CVU-039-2021-MSMT-1,0.0,1.0,2.0,2.0,2.0,1.0,0.0,0.0,0.0,4.0,3.0,4.0,4.0,4.0,1.0
KGKY-RUG-005-2021-MSMT-1,403.0,242.0,1048.0,1048.0,1048.0,806.0,363.0,594.0,231.0,583.0,376.0,898.0,898.0,898.0,522.0
KGKY-RUG-086-2021-MSMT-1,50.0,57.0,151.0,151.0,151.0,94.0,46.0,94.0,48.0,86.0,44.0,105.0,105.0,105.0,61.0
KGBR-BTU-064-2021-MSMT-1,11.0,8.0,23.0,23.0,23.0,15.0,12.0,17.0,5.0,25.0,13.0,22.0,22.0,22.0,9.0
KGNG-CVU-070-2021-MSMT-1,43.0,39.0,113.0,113.0,113.0,74.0,39.0,62.0,23.0,70.0,38.0,90.0,90.0,90.0,52.0
KGNG-CVU-203-2021-MSMT-1,0.0,0.0,0.0,0.0,0.0,0.0,2.0,5.0,3.0,2.0,0.0,0.0,0.0,0.0,0.0
KGBR-BTU-026-2021-MSMT-1,284.0,191.0,632.0,632.0,632.0,441.0,199.0,371.0,172.0,319.0,222.0,507.0,507.0,507.0,285.0
KGKA-BKG-136-2021-MSMT-1,13.0,16.0,59.0,59.0,59.0,43.0,29.0,59.0,30.0,44.0,10.0,22.0,22.0,22.0,12.0
KGKA-BKG-012-2021-MSMT-1,21.0,5.0,44.0,44.0,44.0,39.0,21.0,32.0,11.0,21.0,11.0,28.0,28.0,28.0,17.0
KGKY-BKG-188-2021-MSMT-1,2.0,1.0,5.0,5.0,5.0,4.0,1.0,4.0,3.0,7.0,5.0,7.0,7.0,7.0,2.0
KGMU-NSB-294-2021-MSMT-1,20.0,9.0,31.0,31.0,31.0,22.0,21.0,34.0,13.0,21.0,16.0,36.0,36.0,36.0,20.0
KGNG-CVU-248-2021-MSMT-1,0.0,1.0,2.0,2.0,2.0,1.0,2.0,3.0,1.0,1.0,0.0,1.0,1.0,1.0,1.0
KGKA-BKG-246-2021-MSMT-1,0.0,0.0,0.0,0.0,0.0,0.0,0.0,0.0,0.0,0.0,0.0,0.0,0.0,0.0,0.0
KGNG-CVU-191-2021-MSMT-1,0.0,0.0,0.0,0.0,0.0,0.0,0.0,0.0,0.0,0.0,0.0,0.0,0.0,0.0,0.0
KGKA-BKG-166-2021-MSMT-1,3368.0,4737.0,10397.0,10397.0,10397.0,5660.0,6350.0,11422.0,5072.0,11557.0,5309.0,10859.0,10859.0,10859.0,5550.0
KGKA-BKG-199-2021-MSMT-1,618.0,763.0,1556.0,1556.0,1556.0,793.0,767.0,1515.0,748.0,1372.0,791.0,1610.0,1610.0,1610.0,819.0
KGNG-CVU-230-2021-MSMT-1,2.0,6.0,24.0,24.0,24.0,18.0,16.0,33.0,17.0,24.0,6.0,13.0,13.0,13.0,7.0
KGMU-NSB-308-2021-MSMT-1,0.0,1.0,3.0,3.0,3.0,2.0,1.0,6.0,5.0,5.0,1.0,2.0,2.0,2.0,1.0
KGNG-CVU-182-2021-MSMT-1,34.0,30.0,72.0,72.0,72.0,42.0,27.0,38.0,11.0,33.0,25.0,54.0,54.0,54.0,29.0
KGMU-RSW-026-2021-MSMT-1,43.0,42.0,104.0,104.0,104.0,62.0,42.0,73.0,31.0,86.0,54.0,99.0,99.0,99.0,45.0
KGMU-NSB-317-2021-MSMT-1,95.0,122.0,279.0,279.0,279.0,157.0,135.0,234.0,99.0,246.0,123.0,262.0,262.0,262.0,139.0
KGBI-KZB-013-2021-MSMT-1,152.0,152.0,722.0,722.0,722.0,570.0,318.0,563.0,245.0,457.0,167.0,450.0,450.0,450.0,283.0
KGKA-BKG-066-2021-MSMT-1,8.0,13.0,41.0,41.0,41.0,28.0,19.0,46.0,27.0,31.0,11.0,13.0,13.0,13.0,2.0
KGKA-BKG-100-2021-MSMT-1,16.0,14.0,39.0,39.0,39.0,25.0,37.0,54.0,17.0,25.0,12.0,24.0,24.0,24.0,12.0
KGKY-BKG-156-2021-MSMT-1,1087.0,1548.0,3309.0,3309.0,3309.0,1761.0,1813.0,3337.0,1524.0,3519.0,1668.0,3478.0,3478.0,3478.0,1810.0
KGMU-RSW-024-2021-MSMT-1,0.0,0.0,0.0,0.0,0.0,0.0,0.0,0.0,0.0,0.0,0.0,0.0,0.0,0.0,0.0
KGNG-CVU-258-2021-MSMT-1,4.0,5.0,15.0,15.0,15.0,10.0,2.0,4.0,2.0,6.0,5.0,9.0,9.0,9.0,4.0
KGBR-BUZ-019-2021-MSMT-1,0.0,0.0,3.0,3.0,3.0,3.0,0.0,1.0,1.0,2.0,2.0,3.0,3.0,3.0,1.0
KGKA-BKG-103-2021-MSMT-1,0.0,3.0,8.0,8.0,8.0,5.0,14.0,37.0,23.0,8.0,3.0,5.0,5.0,5.0,2.0
KGKY-RWB-129-2021-MSMT-1,1.0,3.0,4.0,4.0,4.0,1.0,3.0,3.0,0.0,0.0,0.0,0.0,0.0,0.0,0.0
KGMU-NSB-319-2021-MSMT-1,30.0,25.0,73.0,73.0,73.0,48.0,35.0,50.0,15.0,55.0,29.0,69.0,69.0,69.0,40.0
KGNG-CVU-158-2021-MSMT-1,28.0,16.0,42.0,42.0,42.0,26.0,8.0,19.0,11.0,25.0,16.0,43.0,43.0,43.0,27.0
KGKA-BKG-267-2021-MSMT-1,11.0,10.0,34.0,34.0,34.0,24.0,13.0,27.0,14.0,37.0,11.0,16.0,16.0,16.0,5.0
KGBR-BTU-039-2021-MSMT-1,1.0,4.0,4.0,4.0,4.0,0.0,3.0,4.0,1.0,0.0,0.0,4.0,4.0,4.0,4.0
KGMU-NSB-131-2021-MSMT-1,64.0,106.0,236.0,236.0,236.0,130.0,135.0,231.0,96.0,247.0,119.0,256.0,256.0,256.0,137.0
KGNG-CVU-262-2021-MSMT-1,1.0,0.0,1.0,1.0,1.0,1.0,1.0,4.0,3.0,1.0,1.0,1.0,1.0,1.0,0.0
KGKY-RWB-062-2021-MSMT-1,0.0,0.0,0.0,0.0,0.0,0.0,0.0,0.0,0.0,0.0,0.0,0.0,0.0,0.0,0.0
KGKA-BKG-230-2021-MSMT-1,0.0,5.0,9.0,9.0,9.0,4.0,5.0,21.0,16.0,13.0,4.0,7.0,7.0,7.0,3.0
KGMU-NSB-007-2021-MSMT-1,27.0,20.0,68.0,68.0,68.0,48.0,16.0,29.0,13.0,32.0,23.0,44.0,44.0,44.0,21.0
KGKA-BKG-077-2021-MSMT-1,0.0,0.0,0.0,0.0,0.0,0.0,0.0,3.0,3.0,0.0,0.0,0.0,0.0,0.0,0.0
KGNG-CVU-264-2021-MSMT-1,0.0,0.0,0.0,0.0,0.0,0.0,0.0,0.0,0.0,0.0,0.0,0.0,0.0,0.0,0.0
KGKY-RWB-100-2021-MSMT-1,0.0,4.0,18.0,18.0,18.0,14.0,12.0,46.0,34.0,23.0,4.0,7.0,7.0,7.0,3.0
KGNG-NTG-023-2021-MSMT-1,0.0,0.0,0.0,0.0,0.0,0.0,0.0,0.0,0.0,0.0,0.0,1.0,1.0,1.0,1.0
KGMU-NSB-016-2021-MSMT-1,24.0,16.0,41.0,41.0,41.0,25.0,34.0,55.0,21.0,38.0,20.0,49.0,49.0,49.0,29.0
KGKY-RUG-042-2021-MSMT-1,7.0,2.0,6.0,6.0,6.0,4.0,6.0,8.0,2.0,6.0,5.0,7.0,7.0,7.0,2.0
KGNG-NTG-007-2021-MSMT-1,8.0,8.0,24.0,24.0,24.0,16.0,25.0,40.0,15.0,25.0,7.0,15.0,15.0,15.0,8.0
KGKA-BKG-131-2021-MSMT-1,6.0,13.0,29.0,29.0,29.0,16.0,21.0,48.0,27.0,27.0,11.0,28.0,28.0,28.0,17.0
KGKY-RWB-028-2021-MSMT-1,75.0,60.0,192.0,192.0,192.0,132.0,47.0,88.0,41.0,77.0,52.0,140.0,140.0,140.0,88.0
KGMU-NSB-217-2021-MSMT-1,1.0,0.0,1.0,1.0,1.0,1.0,0.0,0.0,0.0,0.0,0.0,0.0,0.0,0.0,0.0
KGKY-RUG-015-2021-MSMT-1,0.0,0.0,0.0,0.0,0.0,0.0,0.0,0.0,0.0,0.0,0.0,0.0,0.0,0.0,0.0
KGNG-CVU-100-2021-MSMT-1,63.0,44.0,126.0,126.0,126.0,82.0,58.0,98.0,40.0,78.0,56.0,120.0,120.0,120.0,64.0
KGMU-NSB-212-2021-MSMT-1,5.0,6.0,30.0,30.0,30.0,24.0,17.0,39.0,22.0,34.0,4.0,9.0,9.0,9.0,5.0
KGKY-RUG-022-2021-MSMT-1,1.0,2.0,5.0,5.0,5.0,3.0,4.0,5.0,1.0,3.0,0.0,0.0,0.0,0.0,0.0
KGKY-RUG-058-2021-MSMT-1,0.0,0.0,1.0,1.0,1.0,1.0,0.0,0.0,0.0,0.0,0.0,1.0,1.0,1.0,1.0
KGMU-NSB-340-2021-MSMT-1,2.0,2.0,4.0,4.0,4.0,2.0,1.0,1.0,0.0,3.0,1.0,3.0,3.0,3.0,2.0
KGKA-BKG-071-2021-MSMT-1,3.0,6.0,24.0,24.0,24.0,18.0,15.0,29.0,14.0,19.0,8.0,10.0,10.0,10.0,2.0
KGKY-RWB-115-2021-MSMT-1,1973.0,2390.0,5273.0,5273.0,5273.0,2883.0,3093.0,5636.0,2543.0,5798.0,2608.0,5540.0,5540.0,5540.0,2932.0
KGBR-BTU-046-2021-MSMT-1,0.0,0.0,0.0,0.0,0.0,0.0,1.0,3.0,2.0,1.0,1.0,2.0,2.0,2.0,1.0
KGKY-RWB-001-2021-MSMT-1,149.0,100.0,351.0,351.0,351.0,251.0,118.0,182.0,64.0,212.0,124.0,313.0,313.0,313.0,189.0
KGKY-RUG-041-2021-MSMT-1,4.0,4.0,5.0,5.0,5.0,1.0,1.0,2.0,1.0,2.0,1.0,2.0,2.0,2.0,1.0
KGBR-BTU-073-2021-MSMT-1,1.0,1.0,3.0,3.0,3.0,2.0,0.0,2.0,2.0,4.0,3.0,3.0,3.0,3.0,0.0
KGBR-BTU-069-2021-MSMT-1,50.0,53.0,98.0,98.0,98.0,45.0,39.0,73.0,34.0,79.0,48.0,95.0,95.0,95.0,47.0
KGKY-RUG-034-2021-MSMT-1,9.0,13.0,24.0,24.0,24.0,11.0,16.0,28.0,12.0,26.0,17.0,35.0,35.0,35.0,18.0
KGKA-BKG-201-2021-MSMT-1,46.0,49.0,100.0,100.0,100.0,51.0,58.0,116.0,58.0,102.0,48.0,107.0,107.0,107.0,59.0
KGMU-RSW-023-2021-MSMT-1,282.0,184.0,1088.0,1088.0,1088.0,904.0,490.0,876.0,386.0,726.0,335.0,876.0,876.0,876.0,541.0
KGKY-RWB-055-2021-MSMT-1,9.0,9.0,40.0,40.0,40.0,31.0,14.0,29.0,15.0,28.0,12.0,21.0,21.0,21.0,9.0
KGNG-CVU-019-2021-MSMT-1,77.0,47.0,208.0,208.0,208.0,161.0,81.0,137.0,56.0,147.0,72.0,189.0,189.0,189.0,117.0
KGNG-CVU-139-2021-MSMT-1,46.0,17.0,71.0,71.0,71.0,54.0,26.0,36.0,10.0,36.0,14.0,40.0,40.0,40.0,26.0
KGNG-CVU-217-2021-MSMT-1,4.0,0.0,1.0,1.0,1.0,1.0,0.0,2.0,2.0,2.0,2.0,2.0,2.0,2.0,0.0
KGBI-KZB-051-2021-MSMT-1,119.0,96.0,426.0,426.0,426.0,330.0,199.0,340.0,141.0,263.0,120.0,342.0,342.0,342.0,222.0
KGNG-CVU-204-2021-MSMT-1,0.0,0.0,0.0,0.0,0.0,0.0,0.0,0.0,0.0,0.0,0.0,0.0,0.0,0.0,0.0
KGNG-NTG-052-2021-MSMT-1,17.0,21.0,42.0,42.0,42.0,21.0,27.0,49.0,22.0,39.0,18.0,45.0,45.0,45.0,27.0
KGMI-KYK-064-2021-MSMT-1,0.0,0.0,0.0,0.0,0.0,0.0,0.0,0.0,0.0,0.0,0.0,0.0,0.0,0.0,0.0
KGNG-NTG-016-2021-MSMT-1,115.0,51.0,160.0,160.0,160.0,109.0,57.0,86.0,29.0,101.0,77.0,149.0,149.0,149.0,72.0
KGKA-BKG-272-2021-MSMT-1,11.0,20.0,70.0,70.0,70.0,50.0,28.0,53.0,25.0,58.0,16.0,27.0,27.0,27.0,11.0
KGNG-CVU-178-2021-MSMT-1,0.0,1.0,1.0,1.0,1.0,0.0,1.0,8.0,7.0,3.0,0.0,0.0,0.0,0.0,0.0
KGNG-CVU-097-2021-MSMT-1,8.0,9.0,28.0,28.0,28.0,19.0,14.0,23.0,9.0,13.0,7.0,16.0,16.0,16.0,9.0
KGKY-RUG-023-2021-MSMT-1,17.0,9.0,29.0,29.0,29.0,20.0,10.0,17.0,7.0,14.0,10.0,26.0,26.0,26.0,16.0
KGBR-BTU-025-2021-MSMT-1,14.0,12.0,30.0,30.0,30.0,18.0,19.0,36.0,17.0,19.0,10.0,22.0,22.0,22.0,12.0
KGNG-NTG-003-2021-MSMT-1,1.0,3.0,7.0,7.0,7.0,4.0,6.0,15.0,9.0,18.0,6.0,8.0,8.0,8.0,2.0
KGMU-NSB-325-2021-MSMT-1,69.0,115.0,234.0,234.0,234.0,119.0,130.0,226.0,96.0,251.0,113.0,232.0,232.0,232.0,119.0
KGMU-NSB-200-2021-MSMT-1,8.0,10.0,31.0,31.0,31.0,21.0,22.0,39.0,17.0,23.0,6.0,13.0,13.0,13.0,7.0
KGNG-CVU-226-2021-MSMT-1,0.0,0.0,0.0,0.0,0.0,0.0,0.0,0.0,0.0,0.0,0.0,0.0,0.0,0.0,0.0
KGMU-NSB-041-2021-MSMT-1,33.0,18.0,74.0,74.0,74.0,56.0,30.0,46.0,16.0,52.0,40.0,75.0,75.0,75.0,35.0
KGBI-KZB-041-2021-MSMT-1,0.0,0.0,0.0,0.0,0.0,0.0,0.0,0.0,0.0,0.0,0.0,0.0,0.0,0.0,0.0
KGKA-BKG-193-2021-MSMT-1,1.0,0.0,11.0,11.0,11.0,11.0,7.0,9.0,2.0,6.0,0.0,0.0,0.0,0.0,0.0
KGKA-BKG-104-2021-MSMT-1,1.0,4.0,8.0,8.0,8.0,4.0,4.0,6.0,2.0,3.0,1.0,9.0,9.0,9.0,8.0
KGKA-BKG-111-2021-MSMT-1,10.0,11.0,32.0,32.0,32.0,21.0,20.0,34.0,14.0,22.0,5.0,12.0,12.0,12.0,7.0
KGBI-KZB-032-2021-MSMT-1,202.0,165.0,569.0,569.0,569.0,404.0,194.0,372.0,178.0,284.0,191.0,465.0,465.0,465.0,274.0
KGNG-CVU-072-2021-MSMT-1,6.0,2.0,4.0,4.0,4.0,2.0,3.0,5.0,2.0,5.0,4.0,8.0,8.0,8.0,4.0
KGNG-CVU-214-2021-MSMT-1,63.0,63.0,170.0,170.0,170.0,107.0,63.0,99.0,36.0,119.0,65.0,143.0,143.0,143.0,78.0
KGMU-NSB-288-2021-MSMT-1,2.0,0.0,0.0,0.0,0.0,0.0,0.0,0.0,0.0,0.0,0.0,0.0,0.0,0.0,0.0
KGKA-BKG-266-2021-MSMT-1,18.0,13.0,54.0,54.0,54.0,41.0,33.0,60.0,27.0,37.0,9.0,20.0,20.0,20.0,11.0
KGKA-BKG-262-2021-MSMT-1,0.0,3.0,5.0,5.0,5.0,2.0,5.0,7.0,2.0,6.0,0.0,3.0,3.0,3.0,3.0
KGMI-KYK-027-2021-MSMT-1,5.0,4.0,12.0,12.0,12.0,8.0,4.0,8.0,4.0,7.0,5.0,14.0,13.0,13.0,9.0
KGNG-CVU-042-2021-MSMT-1,0.0,0.0,0.0,0.0,0.0,0.0,0.0,0.0,0.0,0.0,0.0,0.0,0.0,0.0,0.0
KGBR-BTU-042-2021-MSMT-1,251.0,160.0,463.0,463.0,463.0,303.0,151.0,235.0,84.0,274.0,189.0,423.0,423.0,423.0,234.0
KGNG-CVU-141-2021-MSMT-1,5.0,4.0,7.0,7.0,7.0,3.0,3.0,3.0,0.0,1.0,1.0,5.0,5.0,5.0,4.0
KGMU-NSB-322-2021-MSMT-1,99.0,122.0,245.0,245.0,245.0,123.0,119.0,210.0,91.0,275.0,140.0,270.0,270.0,270.0,130.0
KGMU-RSW-033-2021-MSMT-1,89.0,48.0,166.0,166.0,166.0,118.0,38.0,63.0,25.0,95.0,57.0,128.0,128.0,128.0,71.0
KGNG-CVU-066-2021-MSMT-1,3.0,1.0,4.0,4.0,4.0,3.0,3.0,4.0,1.0,4.0,0.0,2.0,2.0,2.0,2.0
KGNG-CVU-030-2021-MSMT-1,277.0,210.0,954.0,954.0,954.0,744.0,400.0,694.0,294.0,630.0,249.0,684.0,684.0,684.0,435.0
KGKA-BKG-035-2021-MSMT-1,0.0,1.0,2.0,2.0,2.0,1.0,1.0,1.0,0.0,0.0,0.0,1.0,1.0,1.0,1.0
KGKA-BKG-011-2021-MSMT-1,3.0,2.0,4.0,4.0,4.0,2.0,0.0,3.0,3.0,1.0,1.0,1.0,1.0,1.0,0.0
KGKA-BKG-087-2021-MSMT-1,0.0,0.0,0.0,0.0,0.0,0.0,0.0,0.0,0.0,0.0,0.0,0.0,0.0,0.0,0.0
KGMI-KYK-003-2021-MSMT-1,136.0,91.0,731.0,731.0,731.0,640.0,323.0,610.0,287.0,490.0,164.0,505.0,505.0,505.0,341.0
KGNG-NTG-033-2021-MSMT-1,3.0,0.0,1.0,1.0,1.0,1.0,2.0,2.0,0.0,1.0,0.0,1.0,1.0,1.0,1.0
KGKA-BKG-221-2021-MSMT-1,76.0,72.0,163.0,163.0,163.0,91.0,84.0,157.0,73.0,197.0,74.0,162.0,162.0,162.0,88.0
KGKA-BKG-269-2021-MSMT-1,0.0,0.0,0.0,0.0,0.0,0.0,0.0,0.0,0.0,1.0,0.0,0.0,0.0,0.0,0.0
KGMU-NSB-146-2021-MSMT-1,10.0,9.0,36.0,36.0,36.0,27.0,12.0,26.0,14.0,26.0,19.0,29.0,29.0,29.0,10.0
KGNG-CVU-233-2021-MSMT-1,1.0,2.0,20.0,20.0,20.0,18.0,12.0,33.0,21.0,18.0,6.0,9.0,9.0,9.0,3.0
KGMU-NSB-223-2021-MSMT-1,11.0,6.0,23.0,23.0,23.0,17.0,12.0,20.0,8.0,12.0,8.0,19.0,19.0,19.0,11.0
KGKA-BKG-096-2021-MSMT-1,15.0,21.0,45.0,45.0,45.0,24.0,30.0,50.0,20.0,55.0,29.0,49.0,49.0,49.0,20.0
KGKA-BKG-196-2021-MSMT-1,1.0,0.0,8.0,8.0,8.0,8.0,3.0,4.0,1.0,6.0,1.0,2.0,2.0,2.0,1.0
KGMU-NSB-002-2021-MSMT-1,104.0,104.0,495.0,495.0,495.0,391.0,183.0,285.0,102.0,257.0,128.0,363.0,363.0,363.0,235.0
KGNG-CVU-068-2021-MSMT-1,0.0,0.0,0.0,0.0,0.0,0.0,0.0,0.0,0.0,0.0,0.0,0.0,0.0,0.0,0.0
KGMU-NSB-086-2021-MSMT-1,23.0,49.0,98.0,98.0,98.0,49.0,58.0,105.0,47.0,120.0,52.0,108.0,107.0,107.0,56.0
KGKA-BKG-186-2021-MSMT-1,7.0,12.0,47.0,47.0,47.0,35.0,32.0,67.0,35.0,42.0,13.0,25.0,25.0,25.0,12.0
KGBR-BTU-013-2021-MSMT-1,0.0,0.0,0.0,0.0,0.0,0.0,0.0,0.0,0.0,0.0,0.0,0.0,0.0,0.0,0.0
KGKY-RWB-057-2021-MSMT-1,1.0,3.0,24.0,24.0,24.0,21.0,16.0,50.0,34.0,35.0,8.0,17.0,17.0,17.0,9.0
KGMU-NSB-356-2021-MSMT-1,20.0,17.0,62.0,62.0,62.0,45.0,20.0,35.0,15.0,49.0,20.0,45.0,45.0,45.0,25.0
KGKA-BKG-197-2021-MSMT-1,0.0,0.0,1.0,1.0,1.0,1.0,0.0,1.0,1.0,0.0,0.0,0.0,0.0,0.0,0.0
KGMU-NSB-260-2021-MSMT-1,0.0,3.0,17.0,17.0,17.0,14.0,3.0,9.0,6.0,13.0,1.0,2.0,2.0,2.0,1.0
KGMU-NSB-269-2021-MSMT-1,4.0,2.0,6.0,6.0,6.0,4.0,8.0,11.0,3.0,13.0,6.0,14.0,14.0,14.0,8.0
KGNG-CVU-134-2021-MSMT-1,5.0,3.0,4.0,4.0,4.0,1.0,0.0,1.0,1.0,5.0,3.0,5.0,5.0,5.0,2.0
KGMU-NSB-224-2021-MSMT-1,0.0,3.0,13.0,13.0,13.0,10.0,9.0,24.0,15.0,15.0,3.0,5.0,5.0,5.0,2.0
KGKY-RWB-068-2021-MSMT-1,0.0,0.0,0.0,0.0,0.0,0.0,3.0,7.0,4.0,4.0,0.0,1.0,1.0,1.0,1.0
KGKA-BKG-015-2021-MSMT-1,434.0,288.0,1390.0,1390.0,1390.0,1102.0,499.0,788.0,289.0,819.0,448.0,1163.0,1163.0,1163.0,715.0
KGKA-BKG-032-2021-MSMT-1,21.0,17.0,48.0,48.0,48.0,31.0,17.0,25.0,8.0,28.0,20.0,42.0,42.0,42.0,22.0
KGKA-BKG-167-2021-MSMT-1,2606.0,3247.0,7120.0,7120.0,7120.0,3873.0,4086.0,7489.0,3403.0,7605.0,3659.0,7535.0,7535.0,7535.0,3876.0
KGMI-KYK-015-2021-MSMT-1,21.0,18.0,46.0,46.0,46.0,28.0,14.0,27.0,13.0,35.0,22.0,55.0,55.0,55.0,33.0
KGMI-KYK-066-2021-MSMT-1,1.0,0.0,0.0,0.0,0.0,0.0,0.0,0.0,0.0,0.0,0.0,0.0,0.0,0.0,0.0
KGKY-RUG-050-2021-MSMT-1,35.0,38.0,72.0,72.0,72.0,34.0,31.0,70.0,39.0,76.0,37.0,82.0,82.0,82.0,45.0
KGBI-KZB-025-2021-MSMT-1,265.0,220.0,639.0,639.0,639.0,419.0,100.0,252.0,152.0,366.0,225.0,518.0,518.0,518.0,293.0
KGKY-RWB-029-2021-MSMT-1,11.0,9.0,22.0,22.0,22.0,13.0,12.0,21.0,9.0,16.0,11.0,20.0,20.0,20.0,9.0
KGKA-BKG-164-2021-MSMT-1,0.0,1.0,10.0,10.0,10.0,9.0,14.0,38.0,24.0,23.0,2.0,2.0,2.0,2.0,0.0
KGKA-BKG-234-2021-MSMT-1,1.0,3.0,19.0,19.0,19.0,16.0,8.0,9.0,1.0,10.0,2.0,6.0,6.0,6.0,4.0
KGBI-KZB-042-2021-MSMT-1,0.0,0.0,0.0,0.0,0.0,0.0,0.0,0.0,0.0,0.0,0.0,0.0,0.0,0.0,0.0
KGNG-CVU-156-2021-MSMT-1,59.0,31.0,123.0,123.0,123.0,92.0,66.0,96.0,30.0,82.0,48.0,106.0,106.0,106.0,58.0
KGKA-BKG-088-2021-MSMT-1,37.0,49.0,113.0,113.0,113.0,65.0,61.0,123.0,62.0,114.0,61.0,117.0,117.0,117.0,56.0
KGKA-BKG-081-2021-MSMT-1,0.0,0.0,0.0,0.0,0.0,0.0,0.0,0.0,0.0,0.0,0.0,0.0,0.0,0.0,0.0
KGNG-CVU-176-2021-MSMT-1,2.0,10.0,57.0,57.0,57.0,47.0,37.0,76.0,39.0,62.0,11.0,26.0,26.0,26.0,15.0
KGMU-NSB-040-2021-MSMT-1,439.0,321.0,1156.0,1156.0,1156.0,835.0,401.0,677.0,276.0,625.0,398.0,974.0,974.0,974.0,576.0
KGNG-CVU-172-2021-MSMT-1,73.0,54.0,166.0,166.0,166.0,112.0,80.0,124.0,44.0,102.0,47.0,118.0,118.0,118.0,71.0
KGKY-RWB-121-2021-MSMT-1,52.0,58.0,113.0,113.0,113.0,55.0,65.0,116.0,51.0,114.0,52.0,125.0,125.0,125.0,73.0
KGMU-NSB-336-2021-MSMT-1,16.0,11.0,33.0,33.0,33.0,22.0,9.0,16.0,7.0,23.0,11.0,32.0,32.0,32.0,21.0
KGBR-BTU-022-2021-MSMT-1,87.0,35.0,154.0,154.0,154.0,119.0,39.0,78.0,39.0,76.0,40.0,127.0,127.0,127.0,87.0
KGKY-RWB-069-2021-MSMT-1,1.0,12.0,31.0,31.0,31.0,19.0,26.0,63.0,37.0,31.0,6.0,13.0,13.0,13.0,7.0
KGMU-RSW-017-2021-MSMT-1,530.0,308.0,1034.0,1034.0,1034.0,726.0,331.0,537.0,206.0,541.0,369.0,862.0,862.0,862.0,493.0
KGBR-BUZ-003-2021-MSMT-1,150.0,115.0,729.0,729.0,729.0,614.0,252.0,540.0,288.0,427.0,153.0,475.0,475.0,475.0,322.0
KGMU-NSB-043-2021-MSMT-1,17.0,14.0,28.0,28.0,28.0,14.0,8.0,16.0,8.0,13.0,7.0,12.0,12.0,12.0,5.0
KGMU-NSB-283-2021-MSMT-1,14.0,16.0,36.0,36.0,36.0,20.0,21.0,41.0,20.0,35.0,20.0,35.0,35.0,35.0,15.0
KGNG-CVU-220-2021-MSMT-1,0.0,0.0,0.0,0.0,0.0,0.0,0.0,0.0,0.0,0.0,0.0,0.0,0.0,0.0,0.0
KGMU-NSB-216-2021-MSMT-1,8.0,8.0,14.0,14.0,14.0,6.0,6.0,15.0,9.0,17.0,6.0,15.0,15.0,15.0,9.0
KGMU-NSB-312-2021-MSMT-1,59.0,78.0,162.0,162.0,162.0,84.0,90.0,186.0,96.0,185.0,97.0,196.0,196.0,196.0,99.0
KGKA-BKG-024-2021-MSMT-1,33.0,23.0,67.0,67.0,67.0,44.0,19.0,27.0,8.0,48.0,30.0,60.0,60.0,60.0,30.0
KGBR-BTU-036-2021-MSMT-1,1.0,0.0,2.0,2.0,2.0,2.0,2.0,3.0,1.0,4.0,3.0,6.0,6.0,6.0,3.0
KGBR-BTU-028-2021-MSMT-1,403.0,373.0,1171.0,1171.0,1171.0,798.0,451.0,806.0,355.0,757.0,426.0,975.0,975.0,975.0,549.0
KGMU-NSB-014-2021-MSMT-1,183.0,151.0,574.0,574.0,574.0,423.0,215.0,347.0,132.0,305.0,177.0,417.0,417.0,417.0,240.0
KGNG-NTG-037-2021-MSMT-1,105.0,60.0,279.0,279.0,279.0,219.0,105.0,176.0,71.0,171.0,91.0,249.0,248.0,248.0,158.0
KGKA-BKG-172-2021-MSMT-1,5.0,9.0,37.0,37.0,37.0,28.0,25.0,54.0,29.0,33.0,7.0,19.0,19.0,19.0,12.0
KGBR-BTU-023-2021-MSMT-1,3687.0,4579.0,9836.0,9836.0,9836.0,5257.0,5525.0,10294.0,4769.0,10472.0,4876.0,10266.0,10266.0,10266.0,5390.0
KGNG-CVU-200-2021-MSMT-1,2.0,1.0,12.0,12.0,12.0,11.0,8.0,24.0,16.0,19.0,3.0,6.0,6.0,6.0,3.0
KGKA-BKG-047-2021-MSMT-1,1.0,1.0,2.0,2.0,2.0,1.0,1.0,1.0,0.0,6.0,2.0,3.0,3.0,3.0,1.0
KGKA-BKG-027-2021-MSMT-1,333.0,271.0,1022.0,1022.0,1022.0,751.0,364.0,651.0,287.0,616.0,389.0,836.0,836.0,836.0,447.0
KGKY-RUG-051-2021-MSMT-1,46.0,43.0,86.0,86.0,86.0,43.0,46.0,96.0,50.0,87.0,39.0,86.0,86.0,86.0,47.0
KGKA-BKG-001-2021-MSMT-1,151.0,99.0,373.0,373.0,373.0,274.0,140.0,216.0,76.0,219.0,140.0,324.0,324.0,324.0,185.0
KGMI-KYK-078-2021-MSMT-1,3.0,3.0,9.0,9.0,9.0,6.0,3.0,6.0,3.0,14.0,5.0,15.0,15.0,15.0,10.0
KGMU-NSB-275-2021-MSMT-1,12.0,5.0,12.0,12.0,12.0,7.0,11.0,17.0,6.0,13.0,5.0,14.0,14.0,14.0,9.0
KGKA-BKG-019-2021-MSMT-1,9.0,3.0,24.0,24.0,24.0,21.0,9.0,16.0,7.0,9.0,6.0,20.0,20.0,20.0,14.0
KGBR-BTU-047-2021-MSMT-1,26.0,14.0,47.0,47.0,47.0,33.0,12.0,23.0,11.0,23.0,15.0,36.0,36.0,36.0,21.0
KGKY-RWB-058-2021-MSMT-1,4.0,9.0,17.0,17.0,17.0,8.0,4.0,7.0,3.0,5.0,3.0,9.0,9.0,9.0,6.0
KGMU-NSB-025-2021-MSMT-1,271.0,170.0,474.0,474.0,474.0,304.0,147.0,226.0,79.0,242.0,176.0,400.0,400.0,400.0,224.0
KGMU-NSB-154-2021-MSMT-1,1.0,2.0,4.0,4.0,4.0,2.0,0.0,2.0,2.0,7.0,2.0,4.0,4.0,4.0,2.0
KGNG-CVU-081-2021-MSMT-1,7.0,13.0,26.0,26.0,26.0,13.0,8.0,18.0,10.0,7.0,2.0,16.0,16.0,16.0,14.0
KGKA-BKG-064-2021-MSMT-1,17.0,23.0,49.0,49.0,49.0,26.0,25.0,37.0,12.0,36.0,20.0,43.0,43.0,43.0,23.0
KGKA-BKG-113-2021-MSMT-1,17.0,12.0,41.0,41.0,41.0,29.0,25.0,41.0,16.0,28.0,7.0,14.0,14.0,14.0,7.0
KGNG-CVU-147-2021-MSMT-1,0.0,3.0,22.0,22.0,22.0,19.0,22.0,45.0,23.0,32.0,6.0,8.0,8.0,8.0,2.0
KGKY-RUG-017-2021-MSMT-1,11.0,8.0,26.0,26.0,26.0,18.0,9.0,17.0,8.0,15.0,8.0,23.0,23.0,23.0,15.0
KGKY-RUG-033-2021-MSMT-1,3.0,1.0,5.0,5.0,5.0,4.0,1.0,4.0,3.0,5.0,3.0,4.0,4.0,4.0,1.0
KGKA-BKG-016-2021-MSMT-1,121.0,56.0,202.0,202.0,202.0,146.0,54.0,86.0,32.0,116.0,78.0,187.0,187.0,187.0,109.0
KGKA-BKG-119-2021-MSMT-1,18.0,23.0,36.0,36.0,36.0,13.0,19.0,32.0,13.0,36.0,16.0,33.0,33.0,33.0,17.0
KGNG-CVU-099-2021-MSMT-1,3.0,1.0,2.0,2.0,2.0,1.0,0.0,0.0,0.0,1.0,1.0,3.0,3.0,3.0,2.0
KGMU-NSB-278-2021-MSMT-1,1.0,0.0,0.0,0.0,0.0,0.0,0.0,0.0,0.0,2.0,1.0,2.0,2.0,2.0,1.0
KGMU-RSW-025-2021-MSMT-1,2.0,3.0,10.0,10.0,10.0,7.0,7.0,13.0,6.0,5.0,1.0,10.0,10.0,10.0,9.0
KGKY-BKG-157-2021-MSMT-1,2.0,4.0,30.0,30.0,30.0,26.0,18.0,35.0,17.0,35.0,11.0,12.0,12.0,12.0,1.0
KGKY-RWB-013-2021-MSMT-1,236.0,149.0,825.0,825.0,825.0,676.0,340.0,528.0,188.0,473.0,210.0,638.0,638.0,638.0,428.0
KGMU-NSB-263-2021-MSMT-1,1.0,3.0,29.0,29.0,29.0,26.0,19.0,33.0,14.0,20.0,2.0,6.0,6.0,6.0,4.0
KGKY-RWB-145-2021-MSMT-1,0.0,0.0,0.0,0.0,0.0,0.0,0.0,0.0,0.0,0.0,0.0,1.0,1.0,1.0,1.0
KGKA-BKG-194-2021-MSMT-1,15.0,19.0,35.0,35.0,35.0,16.0,21.0,42.0,21.0,34.0,22.0,40.0,40.0,40.0,18.0
KGNG-CVU-011-2021-MSMT-1,0.0,0.0,5.0,5.0,5.0,5.0,3.0,4.0,1.0,5.0,2.0,4.0,4.0,4.0,2.0
KGKY-RWB-063-2021-MSMT-1,11.0,9.0,31.0,31.0,31.0,22.0,12.0,19.0,7.0,16.0,12.0,25.0,25.0,25.0,13.0
KGBI-KZB-038-2021-MSMT-1,2.0,0.0,1.0,1.0,1.0,1.0,0.0,0.0,0.0,1.0,0.0,0.0,0.0,0.0,0.0
KGKA-BKG-137-2021-MSMT-1,0.0,6.0,17.0,17.0,17.0,11.0,5.0,43.0,38.0,25.0,7.0,7.0,7.0,7.0,0.0
KGMU-RSW-036-2021-MSMT-1,2.0,0.0,0.0,0.0,0.0,0.0,1.0,1.0,0.0,0.0,0.0,0.0,0.0,0.0,0.0
KGMU-RSW-015-2021-MSMT-1,148.0,53.0,370.0,370.0,370.0,317.0,142.0,252.0,110.0,185.0,94.0,297.0,297.0,297.0,203.0
KGKY-RWB-051-2021-MSMT-1,12.0,20.0,39.0,39.0,39.0,19.0,16.0,23.0,7.0,27.0,19.0,35.0,35.0,35.0,16.0
KGKA-BKG-030-2021-MSMT-1,352.0,255.0,1174.0,1174.0,1174.0,919.0,376.0,629.0,253.0,513.0,209.0,757.0,757.0,757.0,548.0
KGKY-BKG-154-2021-MSMT-1,0.0,0.0,0.0,0.0,0.0,0.0,0.0,0.0,0.0,0.0,0.0,0.0,0.0,0.0,0.0
KGKY-RWB-134-2021-MSMT-1,22.0,26.0,53.0,53.0,53.0,27.0,34.0,61.0,27.0,65.0,35.0,62.0,62.0,62.0,27.0
KGMU-NSB-313-2021-MSMT-1,1.0,1.0,1.0,1.0,1.0,0.0,3.0,4.0,1.0,5.0,3.0,4.0,4.0,4.0,1.0
KGKY-RUG-003-2021-MSMT-1,192.0,100.0,413.0,413.0,413.0,313.0,176.0,268.0,92.0,233.0,160.0,403.0,403.0,403.0,243.0
KGKA-BKG-008-2021-MSMT-1,1.0,2.0,4.0,4.0,4.0,2.0,2.0,2.0,0.0,3.0,0.0,4.0,4.0,4.0,4.0
KGMU-NSB-017-2021-MSMT-1,1.0,2.0,11.0,11.0,11.0,9.0,0.0,1.0,1.0,1.0,0.0,3.0,3.0,3.0,3.0
KGMU-NSB-227-2021-MSMT-1,56.0,33.0,115.0,115.0,115.0,82.0,46.0,79.0,33.0,77.0,41.0,101.0,101.0,101.0,60.0
KGNG-CVU-140-2021-MSMT-1,63.0,73.0,168.0,168.0,168.0,95.0,63.0,129.0,66.0,113.0,78.0,145.0,145.0,145.0,67.0
KGKY-RUG-075-2021-MSMT-1,0.0,0.0,1.0,1.0,1.0,1.0,2.0,3.0,1.0,2.0,1.0,3.0,3.0,3.0,2.0
KGMU-NSB-346-2021-MSMT-1,82.0,111.0,231.0,231.0,231.0,120.0,105.0,196.0,91.0,234.0,124.0,247.0,247.0,247.0,123.0
KGMU-NSB-298-2021-MSMT-1,12.0,10.0,31.0,31.0,31.0,21.0,14.0,25.0,11.0,29.0,13.0,27.0,27.0,27.0,14.0
KGKA-BKG-214-2021-MSMT-1,0.0,1.0,8.0,8.0,8.0,7.0,14.0,23.0,9.0,20.0,3.0,5.0,5.0,5.0,2.0
KGKY-RUG-006-2021-MSMT-1,2.0,3.0,5.0,5.0,5.0,2.0,4.0,6.0,2.0,5.0,2.0,3.0,3.0,3.0,1.0
KGNG-CVU-213-2021-MSMT-1,0.0,0.0,0.0,0.0,0.0,0.0,0.0,0.0,0.0,0.0,0.0,0.0,0.0,0.0,0.0
KGKY-RUG-021-2021-MSMT-1,29.0,15.0,49.0,49.0,49.0,34.0,17.0,24.0,7.0,33.0,20.0,40.0,40.0,40.0,20.0
KGBR-BTU-029-2021-MSMT-1,178.0,159.0,611.0,611.0,611.0,452.0,272.0,493.0,221.0,516.0,243.0,507.0,507.0,507.0,264.0
KGKY-RWB-126-2021-MSMT-1,4.0,12.0,28.0,28.0,28.0,16.0,22.0,39.0,17.0,19.0,6.0,8.0,8.0,8.0,2.0
KGKA-BKG-222-2021-MSMT-1,2.0,2.0,19.0,19.0,19.0,17.0,13.0,26.0,13.0,17.0,5.0,7.0,7.0,7.0,2.0
KGKA-BKG-116-2021-MSMT-1,3.0,11.0,47.0,47.0,47.0,36.0,31.0,59.0,28.0,50.0,14.0,24.0,24.0,24.0,10.0
KGKA-BKG-005-2021-MSMT-1,1.0,2.0,3.0,3.0,3.0,1.0,2.0,3.0,1.0,3.0,2.0,5.0,5.0,5.0,3.0
KGNG-CVU-149-2021-MSMT-1,76.0,61.0,187.0,187.0,187.0,126.0,66.0,124.0,58.0,127.0,78.0,191.0,191.0,191.0,113.0
KGKA-BKG-128-2021-MSMT-1,1.0,16.0,36.0,36.0,36.0,20.0,21.0,44.0,23.0,27.0,10.0,15.0,15.0,15.0,5.0
KGNG-CVU-017-2021-MSMT-1,321.0,229.0,972.0,972.0,972.0,743.0,391.0,678.0,287.0,573.0,296.0,757.0,757.0,757.0,461.0
KGMU-NSB-033-2021-MSMT-1,2.0,1.0,3.0,3.0,3.0,2.0,3.0,4.0,1.0,3.0,2.0,3.0,3.0,3.0,1.0
KGKA-BKG-010-2021-MSMT-1,0.0,0.0,0.0,0.0,0.0,0.0,0.0,0.0,0.0,0.0,0.0,0.0,0.0,0.0,0.0
KGKY-RWB-044-2021-MSMT-1,6.0,5.0,18.0,18.0,18.0,13.0,5.0,18.0,13.0,22.0,9.0,17.0,17.0,17.0,8.0
KGNG-CVU-154-2021-MSMT-1,39.0,29.0,71.0,71.0,71.0,42.0,28.0,40.0,12.0,43.0,24.0,64.0,64.0,64.0,40.0
KGNG-CVU-243-2021-MSMT-1,19.0,10.0,45.0,45.0,45.0,35.0,16.0,26.0,10.0,25.0,16.0,31.0,31.0,31.0,15.0
KGNG-CVU-023-2021-MSMT-1,192.0,122.0,393.0,393.0,393.0,271.0,166.0,246.0,80.0,236.0,147.0,343.0,343.0,343.0,196.0
KGMU-NSB-332-2021-MSMT-1,70.0,66.0,201.0,201.0,201.0,135.0,106.0,152.0,46.0,142.0,63.0,158.0,158.0,158.0,95.0
KGBI-KZB-046-2021-MSMT-1,1.0,0.0,0.0,0.0,0.0,0.0,0.0,0.0,0.0,1.0,1.0,1.0,1.0,1.0,0.0
KGKY-RWB-171-2021-MSMT-1,1.0,1.0,2.0,2.0,2.0,1.0,0.0,0.0,0.0,1.0,0.0,3.0,3.0,3.0,3.0
KGKY-BKG-149-2021-MSMT-1,4.0,2.0,14.0,14.0,14.0,12.0,13.0,26.0,13.0,16.0,5.0,14.0,14.0,14.0,9.0
KGBI-KZB-037-2021-MSMT-1,41.0,36.0,100.0,100.0,100.0,64.0,36.0,56.0,20.0,49.0,30.0,90.0,90.0,90.0,60.0
KGMU-NSB-289-2021-MSMT-1,2.0,11.0,16.0,16.0,16.0,5.0,15.0,20.0,5.0,19.0,6.0,17.0,17.0,17.0,11.0
KGMU-NSB-220-2021-MSMT-1,0.0,0.0,0.0,0.0,0.0,0.0,0.0,0.0,0.0,0.0,0.0,0.0,0.0,0.0,0.0
KGNG-NTG-043-2021-MSMT-1,26.0,15.0,41.0,41.0,41.0,26.0,15.0,21.0,6.0,28.0,18.0,37.0,37.0,37.0,19.0
KGKY-RWB-133-2021-MSMT-1,8.0,6.0,33.0,33.0,33.0,27.0,28.0,46.0,18.0,39.0,12.0,20.0,20.0,20.0,8.0
KGKY-RWB-137-2021-MSMT-1,39.0,20.0,63.0,63.0,63.0,43.0,49.0,86.0,37.0,84.0,40.0,75.0,75.0,75.0,35.0
KGKY-RWB-124-2021-MSMT-1,9.0,12.0,30.0,30.0,30.0,18.0,16.0,27.0,11.0,13.0,7.0,13.0,13.0,13.0,6.0
KGNG-CVU-235-2021-MSMT-1,0.0,0.0,0.0,0.0,0.0,0.0,0.0,1.0,1.0,2.0,0.0,0.0,0.0,0.0,0.0
KGNG-CVU-015-2021-MSMT-1,241.0,163.0,726.0,726.0,726.0,563.0,268.0,442.0,174.0,404.0,199.0,506.0,506.0,506.0,307.0
KGMI-KYK-075-2021-MSMT-1,0.0,0.0,0.0,0.0,0.0,0.0,0.0,0.0,0.0,0.0,0.0,0.0,0.0,0.0,0.0
KGKY-RWB-053-2021-MSMT-1,5.0,3.0,6.0,6.0,6.0,3.0,2.0,7.0,5.0,6.0,3.0,7.0,7.0,7.0,4.0
KGMI-KYK-002-2021-MSMT-1,315.0,276.0,1082.0,1082.0,1082.0,806.0,372.0,674.0,302.0,639.0,399.0,979.0,979.0,979.0,580.0
KGNG-CVU-208-2021-MSMT-1,0.0,1.0,2.0,2.0,2.0,1.0,6.0,8.0,2.0,1.0,1.0,1.0,1.0,1.0,0.0
KGMU-NSB-254-2021-MSMT-1,46.0,29.0,84.0,84.0,84.0,55.0,36.0,48.0,12.0,65.0,24.0,49.0,49.0,49.0,25.0
KGKY-RWB-183-2021-MSMT-1,0.0,0.0,0.0,0.0,0.0,0.0,0.0,3.0,3.0,2.0,0.0,0.0,0.0,0.0,0.0
KGMU-NSB-213-2021-MSMT-1,0.0,0.0,1.0,1.0,1.0,1.0,0.0,0.0,0.0,0.0,0.0,1.0,1.0,1.0,1.0
KGKA-BKG-206-2021-MSMT-1,13.0,17.0,30.0,30.0,30.0,13.0,13.0,27.0,14.0,22.0,9.0,27.0,27.0,27.0,18.0
KGNG-CVU-115-2021-MSMT-1,0.0,0.0,0.0,0.0,0.0,0.0,0.0,0.0,0.0,0.0,0.0,0.0,0.0,0.0,0.0
KGKA-BKG-232-2021-MSMT-1,3.0,5.0,17.0,17.0,17.0,12.0,10.0,15.0,5.0,15.0,8.0,11.0,11.0,11.0,3.0
KGKA-BKG-263-2021-MSMT-1,11.0,6.0,17.0,17.0,17.0,11.0,15.0,30.0,15.0,28.0,10.0,11.0,11.0,11.0,1.0
KGMU-NSB-348-2021-MSMT-1,26.0,35.0,68.0,68.0,68.0,33.0,33.0,59.0,26.0,52.0,20.0,56.0,56.0,56.0,36.0
KGBR-BTU-051-2021-MSMT-1,67.0,46.0,172.0,172.0,172.0,126.0,50.0,71.0,21.0,80.0,47.0,145.0,145.0,145.0,98.0
KGKA-BKG-168-2021-MSMT-1,0.0,1.0,4.0,4.0,4.0,3.0,5.0,8.0,3.0,5.0,0.0,0.0,0.0,0.0,0.0
KGMI-KYK-080-2021-MSMT-1,9.0,5.0,14.0,14.0,14.0,9.0,4.0,9.0,5.0,12.0,9.0,16.0,16.0,16.0,7.0
KGKY-RWB-046-2021-MSMT-1,387.0,291.0,1071.0,1071.0,1071.0,780.0,400.0,680.0,280.0,747.0,392.0,909.0,909.0,909.0,517.0
KGNG-CVU-183-2021-MSMT-1,6.0,4.0,10.0,10.0,10.0,6.0,4.0,7.0,3.0,4.0,4.0,8.0,8.0,8.0,4.0
KGBI-KZB-002-2021-MSMT-1,0.0,0.0,0.0,0.0,0.0,0.0,0.0,1.0,1.0,0.0,0.0,0.0,0.0,0.0,0.0
KGKA-BKG-143-2021-MSMT-1,6.0,15.0,44.0,44.0,44.0,29.0,27.0,60.0,33.0,35.0,9.0,14.0,14.0,14.0,5.0
KGKY-RWB-054-2021-MSMT-1,0.0,1.0,5.0,5.0,5.0,4.0,6.0,15.0,9.0,10.0,0.0,0.0,0.0,0.0,0.0
KGKY-RWB-018-2021-MSMT-1,6.0,9.0,22.0,22.0,22.0,13.0,9.0,26.0,17.0,25.0,15.0,27.0,27.0,27.0,12.0
KGKY-RUG-065-2021-MSMT-1,8.0,11.0,30.0,30.0,30.0,19.0,12.0,25.0,13.0,32.0,9.0,13.0,13.0,13.0,4.0
KGKY-RWB-040-2021-MSMT-1,195.0,111.0,320.0,320.0,320.0,209.0,121.0,190.0,69.0,173.0,98.0,242.0,242.0,242.0,144.0
KGMU-NSB-210-2021-MSMT-1,1.0,8.0,28.0,28.0,28.0,20.0,23.0,37.0,14.0,29.0,12.0,22.0,22.0,22.0,10.0
KGMU-NSB-277-2021-MSMT-1,5.0,1.0,4.0,4.0,4.0,3.0,7.0,9.0,2.0,8.0,4.0,10.0,10.0,10.0,6.0
KGKY-RUG-036-2021-MSMT-1,0.0,0.0,0.0,0.0,0.0,0.0,0.0,0.0,0.0,0.0,0.0,0.0,0.0,0.0,0.0
