District	Latitude	Longitude	crt-Asp24Tyr	crt-Cys72Ser	crt-Val73Leu	crt-Met74Ile	crt-Asn75Glu	crt-Lys76Thr	crt-Thr93Ser	crt-His97Leu	crt-His97Tyr	crt-Cys101Phe	crt-Val141Leu	crt-Phe145Ile	crt-Ile218Phe	crt-Ala220Ser	crt-Gln271Glu	crt-Asn326Ser	crt-Met343Leu	crt-Gly353Val	crt-Ala355Thr	crt-Ile356Thr	crt-Arg371Ile	crt-Val418Ala	dhfr-ts-Ala16Val	dhfr-ts-Asn51Ile	dhfr-ts-Cys59Arg	dhfr-ts-Ser108Asn	dhfr-ts-Ser108Thr	dhfr-ts-Ile164Leu	dhps-Glu109Gln	dhps-Asp250Glu	dhps-Ile431Val	dhps-Ser436Ala	dhps-Ser436Phe	dhps-Ala437Gly	dhps-Lys540Glu	dhps-Ala581Gly	dhps-Ala613Ser	dhps-Ala613Thr	k13-Lys5Glu	k13-Gly25Ser	k13-Gly69Glu	k13-Gly112Glu	k13-Leu116Ile	k13-Asn137Asp	k13-Asn137Lys	k13-Thr149Ser	k13-Ala175Thr	k13-Ser182Thr	k13-Lys189Asn	k13-Lys189Thr	k13-Ile205Thr	k13-Thr207Lys	k13-Glu208Lys	k13-Asn217His	k13-Arg255Lys	k13-Leu258Met	k13-Asn264Ser	k13-Gln271Leu	k13-Thr348Ile	k13-Ile352Thr	k13-His384Arg	k13-Pro419Ser	k13-Pro441Leu	k13-Phe446Ile	k13-Gly449Ala	k13-Asn458Tyr	k13-Cys469Phe	k13-Cys469Tyr	k13-Met476Ile	k13-Ala481Val	k13-Tyr493His	k13-Arg515Lys	k13-Pro527His	k13-Asn537Asp	k13-Asn537Ile	k13-Gly538Val	k13-Arg539Thr	k13-Ile543Thr	k13-Pro553Leu	k13-Val555Ala	k13-Arg561His	k13-Val568Gly	k13-Pro574Leu	k13-Ala578Ser	k13-Cys580Tyr	k13-Arg622Ile	k13-Pro667Arg	k13-Pro667Ser	k13-Ala675Val	k13-Phe699Cys	mdr1-Glu7Gln	mdr1-Asn12Ser	mdr1-Lys34Arg	mdr1-Asn86Phe	mdr1-Asn86Tyr	mdr1-Tyr184Phe	mdr1-Thr199Ser	mdr1-Tyr206His	mdr1-Met239Ile	mdr1-Leu337Ile	mdr1-Asp388Gly	mdr1-Asp436Asn	mdr1-Asn504Lys	mdr1-Arg640Thr	mdr1-Asp642Asn	mdr1-Asn649Asp	mdr1-Asp650Asn	mdr1-Asp651Asn	mdr1-Asn652Asp	mdr1-Asn653Asp	mdr1-Tyr669His	mdr1-His735Arg	mdr1-Asn748Ile	mdr1-Glu751Asp	mdr1-Ile839Met	mdr1-Ile839Val	mdr1-Phe938Tyr	mdr1-Ala948Ser	mdr1-Ser1034Cys	mdr1-Asn1042Asp	mdr1-Phe1194Leu	mdr1-Tyr1197Asn	mdr1-Gln1198Lys	mdr1-Asp1246Tyr	PM2-Asn68Ser	PM2-Asn71Ser	PM2-His90Arg	PM2-Lys98Arg	PM2-Lys98Glu	PM2-Leu117Phe	PM2-Val133Ala	PM2-Thr154Ile	PM2-Ala174Val	PM2-Leu220Phe	PM2-Asp231Asn	PM2-Ser259Ala	PM2-Leu277Val	PM2-Thr289Ile	PM2-Leu321Val	PM2-Asp322His	PM2-Thr384Ile	PM2-Asn387His	PM2-Gly388Arg	PM2-Ile413Val	PM2-Val420Leu	PM2-Pro421Ser	PM2-Gln442His	PM2-Leu448Ile	PM3-Thr13Ile	PM3-Val26Leu	PM3-Ala34Ser	PM3-Ile96Val	PM3-Leu111Phe	PM3-Lys144Asn	PM3-Lys169Arg	PM3-Lys197Asn	PM3-Ser200Asn	PM3-Glu230Lys	PM3-Ile259Leu	PM3-Val276Ile	PM3-Ala332Thr	PM3-Thr375Ala
Biharamulo	-2.81081	31.6887	2/19	0/19	0/19	1/19	1/19	1/19	0/19	0/19	0/19	0/19	1/20	0/20	0/15	1/15	1/16	0/20	0/17	0/18	0/18	0/18	2/18	0/10	0/19	19/19	16/19	19/19	0/19	0/19	0/19	0/19	0/20	0/20	0/20	17/20	16/19	0/20	0/20	0/20	0/19	0/19	0/7	1/17	0/17	0/17	0/17	0/17	1/17	0/17	0/17	2/17	0/17	0/17	0/17	0/17	0/18	1/18	0/18	0/18	0/18	0/18	0/18	0/19	0/18	0/18	0/18	0/18	0/18	0/18	0/19	0/19	0/19	0/19	0/19	0/19	0/19	0/19	0/19	0/19	0/19	0/19	0/19	0/19	0/19	0/19	0/19	0/19	0/19	0/19	0/19	0/18	0/19	0/19	0/5	0/18	0/18	5/19	1/19	0/19	0/19	0/18	0/17	0/18	0/17	0/19	0/19	1/19	0/19	1/19	0/19	0/19	0/19	0/19	0/19	0/19	0/19	0/19	1/19	0/19	0/19	0/19	1/18	0/18	0/18	0/19	0/18	0/18	0/17	0/17	0/17	0/17	0/19	0/18	0/18	0/18	2/19	0/18	1/18	0/19	1/18	0/18	0/16	0/16	0/19	0/19	0/19	0/19	19/19	0/19	0/20	0/20	1/18	0/17	0/19	0/19	0/18	0/19	0/19	0/18	0/18	0/18	0/19	0/17
Biharamulo	-2.81081	31.6887	10.5	0.0	0.0	5.3	5.3	5.3	0.0	0.0	0.0	0.0	5.0	0.0	0.0	6.7	6.2	0.0	0.0	0.0	0.0	0.0	11.1	0.0	0.0	100.0	84.2	100.0	0.0	0.0	0.0	0.0	0.0	0.0	0.0	85.0	84.2	0.0	0.0	0.0	0.0	0.0	0.0	5.9	0.0	0.0	0.0	0.0	5.9	0.0	0.0	11.8	0.0	0.0	0.0	0.0	0.0	5.6	0.0	0.0	0.0	0.0	0.0	0.0	0.0	0.0	0.0	0.0	0.0	0.0	0.0	0.0	0.0	0.0	0.0	0.0	0.0	0.0	0.0	0.0	0.0	0.0	0.0	0.0	0.0	0.0	0.0	0.0	0.0	0.0	0.0	0.0	0.0	0.0	0.0	0.0	0.0	26.3	5.3	0.0	0.0	0.0	0.0	0.0	0.0	0.0	0.0	5.3	0.0	5.3	0.0	0.0	0.0	0.0	0.0	0.0	0.0	0.0	5.3	0.0	0.0	0.0	5.6	0.0	0.0	0.0	0.0	0.0	0.0	0.0	0.0	0.0	0.0	0.0	0.0	0.0	10.5	0.0	5.6	0.0	5.6	0.0	0.0	0.0	0.0	0.0	0.0	0.0	100.0	0.0	0.0	0.0	5.6	0.0	0.0	0.0	0.0	0.0	0.0	0.0	0.0	0.0	0.0	0.0
Biharamulo	-2.81081	31.6887	1.3-33.1	0.0-17.6	0.0-17.6	0.1-26.0	0.1-26.0	0.1-26.0	0.0-17.6	0.0-17.6	0.0-17.6	0.0-17.6	0.1-24.9	0.0-16.8	0.0-21.8	0.2-31.9	0.2-30.2	0.0-16.8	0.0-19.5	0.0-18.5	0.0-18.5	0.0-18.5	1.4-34.7	0.0-30.8	0.0-17.6	82.4-100.0	60.4-96.6	82.4-100.0	0.0-17.6	0.0-17.6	0.0-17.6	0.0-17.6	0.0-16.8	0.0-16.8	0.0-16.8	62.1-96.8	60.4-96.6	0.0-16.8	0.0-16.8	0.0-16.8	0.0-17.6	0.0-17.6	0.0-41.0	0.1-28.7	0.0-19.5	0.0-19.5	0.0-19.5	0.0-19.5	0.1-28.7	0.0-19.5	0.0-19.5	1.5-36.4	0.0-19.5	0.0-19.5	0.0-19.5	0.0-19.5	0.0-18.5	0.1-27.3	0.0-18.5	0.0-18.5	0.0-18.5	0.0-18.5	0.0-18.5	0.0-17.6	0.0-18.5	0.0-18.5	0.0-18.5	0.0-18.5	0.0-18.5	0.0-18.5	0.0-17.6	0.0-17.6	0.0-17.6	0.0-17.6	0.0-17.6	0.0-17.6	0.0-17.6	0.0-17.6	0.0-17.6	0.0-17.6	0.0-17.6	0.0-17.6	0.0-17.6	0.0-17.6	0.0-17.6	0.0-17.6	0.0-17.6	0.0-17.6	0.0-17.6	0.0-17.6	0.0-17.6	0.0-18.5	0.0-17.6	0.0-17.6	0.0-52.2	0.0-18.5	0.0-18.5	9.1-51.2	0.1-26.0	0.0-17.6	0.0-17.6	0.0-18.5	0.0-19.5	0.0-18.5	0.0-19.5	0.0-17.6	0.0-17.6	0.1-26.0	0.0-17.6	0.1-26.0	0.0-17.6	0.0-17.6	0.0-17.6	0.0-17.6	0.0-17.6	0.0-17.6	0.0-17.6	0.0-17.6	0.1-26.0	0.0-17.6	0.0-17.6	0.0-17.6	0.1-27.3	0.0-18.5	0.0-18.5	0.0-17.6	0.0-18.5	0.0-18.5	0.0-19.5	0.0-19.5	0.0-19.5	0.0-19.5	0.0-17.6	0.0-18.5	0.0-18.5	0.0-18.5	1.3-33.1	0.0-18.5	0.1-27.3	0.0-17.6	0.1-27.3	0.0-18.5	0.0-20.6	0.0-20.6	0.0-17.6	0.0-17.6	0.0-17.6	0.0-17.6	82.4-100.0	0.0-17.6	0.0-16.8	0.0-16.8	0.1-27.3	0.0-19.5	0.0-17.6	0.0-17.6	0.0-18.5	0.0-17.6	0.0-17.6	0.0-18.5	0.0-18.5	0.0-18.5	0.0-17.6	0.0-19.5
Bukoba DC	-1.425575	31.5601957	4/29	0/31	0/31	2/31	2/31	2/31	0/31	0/31	0/31	0/31	0/29	0/29	0/20	1/20	1/20	0/31	0/20	0/29	0/29	0/29	0/26	0/13	0/30	33/33	29/33	33/33	0/33	3/31	1/30	0/33	0/31	0/31	0/31	31/31	33/33	6/34	0/34	0/34	0/29	0/29	0/8	0/22	0/22	0/22	0/22	0/22	0/21	0/21	0/21	7/21	0/21	0/30	0/30	0/30	0/31	0/31	0/31	0/31	0/29	0/29	0/27	0/33	0/31	0/31	0/31	0/31	0/31	0/31	0/34	0/29	0/29	0/29	1/34	0/34	0/34	0/34	0/34	0/34	0/24	0/24	0/24	1/24	0/24	0/31	0/31	0/33	0/33	0/33	0/33	0/29	0/32	1/32	0/11	0/29	0/29	17/34	2/34	0/30	0/34	0/30	0/22	0/30	1/29	0/29	0/29	0/29	0/29	0/29	0/29	0/29	0/29	0/29	0/29	1/29	0/30	1/30	1/29	0/29	0/37	0/37	0/24	1/24	2/24	1/29	0/26	1/26	0/19	0/19	0/19	0/19	0/32	0/22	0/22	0/23	0/34	0/30	0/30	0/36	0/29	0/34	0/29	0/29	0/33	0/31	1/31	0/31	29/31	0/31	0/30	0/30	0/25	0/26	0/32	0/34	0/29	0/32	0/32	0/32	0/24	1/24	0/34	0/22
Bukoba DC	-1.425575	31.5601957	13.8	0.0	0.0	6.5	6.5	6.5	0.0	0.0	0.0	0.0	0.0	0.0	0.0	5.0	5.0	0.0	0.0	0.0	0.0	0.0	0.0	0.0	0.0	100.0	87.9	100.0	0.0	9.7	3.3	0.0	0.0	0.0	0.0	100.0	100.0	17.6	0.0	0.0	0.0	0.0	0.0	0.0	0.0	0.0	0.0	0.0	0.0	0.0	0.0	33.3	0.0	0.0	0.0	0.0	0.0	0.0	0.0	0.0	0.0	0.0	0.0	0.0	0.0	0.0	0.0	0.0	0.0	0.0	0.0	0.0	0.0	0.0	2.9	0.0	0.0	0.0	0.0	0.0	0.0	0.0	0.0	4.2	0.0	0.0	0.0	0.0	0.0	0.0	0.0	0.0	0.0	3.1	0.0	0.0	0.0	50.0	5.9	0.0	0.0	0.0	0.0	0.0	3.4	0.0	0.0	0.0	0.0	0.0	0.0	0.0	0.0	0.0	0.0	3.4	0.0	3.3	3.4	0.0	0.0	0.0	0.0	4.2	8.3	3.4	0.0	3.8	0.0	0.0	0.0	0.0	0.0	0.0	0.0	0.0	0.0	0.0	0.0	0.0	0.0	0.0	0.0	0.0	0.0	0.0	3.2	0.0	93.5	0.0	0.0	0.0	0.0	0.0	0.0	0.0	0.0	0.0	0.0	0.0	0.0	4.2	0.0	0.0
Bukoba DC	-1.425575	31.5601957	3.9-31.7	0.0-11.2	0.0-11.2	0.8-21.4	0.8-21.4	0.8-21.4	0.0-11.2	0.0-11.2	0.0-11.2	0.0-11.2	0.0-11.9	0.0-11.9	0.0-16.8	0.1-24.9	0.1-24.9	0.0-11.2	0.0-16.8	0.0-11.9	0.0-11.9	0.0-11.9	0.0-13.2	0.0-24.7	0.0-11.6	89.4-100.0	71.8-96.6	89.4-100.0	0.0-10.6	2.0-25.8	0.1-17.2	0.0-10.6	0.0-11.2	0.0-11.2	0.0-11.2	88.8-100.0	89.4-100.0	6.8-34.5	0.0-10.3	0.0-10.3	0.0-11.9	0.0-11.9	0.0-36.9	0.0-15.4	0.0-15.4	0.0-15.4	0.0-15.4	0.0-15.4	0.0-16.1	0.0-16.1	0.0-16.1	14.6-57.0	0.0-16.1	0.0-11.6	0.0-11.6	0.0-11.6	0.0-11.2	0.0-11.2	0.0-11.2	0.0-11.2	0.0-11.9	0.0-11.9	0.0-12.8	0.0-10.6	0.0-11.2	0.0-11.2	0.0-11.2	0.0-11.2	0.0-11.2	0.0-11.2	0.0-10.3	0.0-11.9	0.0-11.9	0.0-11.9	0.1-15.3	0.0-10.3	0.0-10.3	0.0-10.3	0.0-10.3	0.0-10.3	0.0-14.2	0.0-14.2	0.0-14.2	0.1-21.1	0.0-14.2	0.0-11.2	0.0-11.2	0.0-10.6	0.0-10.6	0.0-10.6	0.0-10.6	0.0-11.9	0.0-10.9	0.1-16.2	0.0-28.5	0.0-11.9	0.0-11.9	32.4-67.6	0.7-19.7	0.0-11.6	0.0-10.3	0.0-11.6	0.0-15.4	0.0-11.6	0.1-17.8	0.0-11.9	0.0-11.9	0.0-11.9	0.0-11.9	0.0-11.9	0.0-11.9	0.0-11.9	0.0-11.9	0.0-11.9	0.0-11.9	0.1-17.8	0.0-11.6	0.1-17.2	0.1-17.8	0.0-11.9	0.0-9.5	0.0-9.5	0.0-14.2	0.1-21.1	1.0-27.0	0.1-17.8	0.0-13.2	0.1-19.6	0.0-17.6	0.0-17.6	0.0-17.6	0.0-17.6	0.0-10.9	0.0-15.4	0.0-15.4	0.0-14.8	0.0-10.3	0.0-11.6	0.0-11.6	0.0-9.7	0.0-11.9	0.0-10.3	0.0-11.9	0.0-11.9	0.0-10.6	0.0-11.2	0.1-16.7	0.0-11.2	78.6-99.2	0.0-11.2	0.0-11.6	0.0-11.6	0.0-13.7	0.0-13.2	0.0-10.9	0.0-10.3	0.0-11.9	0.0-10.9	0.0-10.9	0.0-10.9	0.0-14.2	0.1-21.1	0.0-10.3	0.0-15.4
Karagwe	-1.7191994	31.024272	8/63	0/60	0/60	1/60	1/60	1/60	0/60	0/60	0/60	0/60	0/128	0/128	0/37	1/37	0/41	0/55	0/39	0/67	2/67	0/67	1/51	2/28	0/100	121/121	109/121	104/104	0/104	19/56	0/115	1/88	0/103	0/103	0/103	95/103	119/128	49/136	0/130	0/130	0/54	0/54	0/34	0/45	0/45	0/45	0/45	0/45	1/42	0/42	0/42	16/42	3/42	0/73	0/73	2/73	2/119	0/119	0/119	0/113	1/68	0/68	4/85	5/126	0/119	0/119	0/119	0/119	0/119	0/119	0/133	0/117	0/117	0/117	0/129	0/129	0/129	0/129	0/129	0/129	0/111	0/111	24/111	0/111	0/111	0/129	0/129	0/127	1/113	0/113	0/113	2/70	0/57	0/57	0/25	0/129	0/129	47/134	0/134	0/72	0/93	0/102	0/41	0/99	0/49	0/107	0/107	3/107	1/107	3/107	1/107	0/107	0/107	0/123	0/123	0/123	1/65	1/65	0/103	0/103	0/136	0/136	0/49	0/49	0/49	6/67	0/48	0/48	0/44	0/44	0/44	0/44	0/111	0/103	0/103	2/75	1/119	0/98	0/98	0/126	0/109	10/132	0/122	0/122	7/126	0/79	0/79	0/79	65/79	0/79	1/55	0/55	0/52	0/46	0/71	0/116	0/97	0/112	0/112	0/73	0/46	0/46	0/128	0/106
Karagwe	-1.7191994	31.024272	12.7	0.0	0.0	1.7	1.7	1.7	0.0	0.0	0.0	0.0	0.0	0.0	0.0	2.7	0.0	0.0	0.0	0.0	3.0	0.0	2.0	7.1	0.0	100.0	90.1	100.0	0.0	33.9	0.0	1.1	0.0	0.0	0.0	92.2	93.0	36.0	0.0	0.0	0.0	0.0	0.0	0.0	0.0	0.0	0.0	0.0	2.4	0.0	0.0	38.1	7.1	0.0	0.0	2.7	1.7	0.0	0.0	0.0	1.5	0.0	4.7	4.0	0.0	0.0	0.0	0.0	0.0	0.0	0.0	0.0	0.0	0.0	0.0	0.0	0.0	0.0	0.0	0.0	0.0	0.0	21.6	0.0	0.0	0.0	0.0	0.0	0.9	0.0	0.0	2.9	0.0	0.0	0.0	0.0	0.0	35.1	0.0	0.0	0.0	0.0	0.0	0.0	0.0	0.0	0.0	2.8	0.9	2.8	0.9	0.0	0.0	0.0	0.0	0.0	1.5	1.5	0.0	0.0	0.0	0.0	0.0	0.0	0.0	9.0	0.0	0.0	0.0	0.0	0.0	0.0	0.0	0.0	0.0	2.7	0.8	0.0	0.0	0.0	0.0	7.6	0.0	0.0	5.6	0.0	0.0	0.0	82.3	0.0	1.8	0.0	0.0	0.0	0.0	0.0	0.0	0.0	0.0	0.0	0.0	0.0	0.0	0.0
Karagwe	-1.7191994	31.024272	5.6-23.5	0.0-6.0	0.0-6.0	0.0-8.9	0.0-8.9	0.0-8.9	0.0-6.0	0.0-6.0	0.0-6.0	0.0-6.0	0.0-2.8	0.0-2.8	0.0-9.5	0.1-14.2	0.0-8.6	0.0-6.5	0.0-9.0	0.0-5.4	0.4-10.4	0.0-5.4	0.0-10.4	0.9-23.5	0.0-3.6	97.0-100.0	83.3-94.8	96.5-100.0	0.0-3.5	21.8-47.8	0.0-3.2	0.0-6.2	0.0-3.5	0.0-3.5	0.0-3.5	85.3-96.6	87.1-96.7	28.0-44.7	0.0-2.8	0.0-2.8	0.0-6.6	0.0-6.6	0.0-10.3	0.0-7.9	0.0-7.9	0.0-7.9	0.0-7.9	0.0-7.9	0.1-12.6	0.0-8.4	0.0-8.4	23.6-54.4	1.5-19.5	0.0-4.9	0.0-4.9	0.3-9.5	0.2-5.9	0.0-3.1	0.0-3.1	0.0-3.2	0.0-7.9	0.0-5.3	1.3-11.6	1.3-9.0	0.0-3.1	0.0-3.1	0.0-3.1	0.0-3.1	0.0-3.1	0.0-3.1	0.0-2.7	0.0-3.1	0.0-3.1	0.0-3.1	0.0-2.8	0.0-2.8	0.0-2.8	0.0-2.8	0.0-2.8	0.0-2.8	0.0-3.3	0.0-3.3	14.4-30.4	0.0-3.3	0.0-3.3	0.0-2.8	0.0-2.8	0.0-2.9	0.0-4.8	0.0-3.2	0.0-3.2	0.3-9.9	0.0-6.3	0.0-6.3	0.0-13.7	0.0-2.8	0.0-2.8	27.0-43.8	0.0-2.7	0.0-5.0	0.0-3.9	0.0-3.6	0.0-8.6	0.0-3.7	0.0-7.3	0.0-3.4	0.0-3.4	0.6-8.0	0.0-5.1	0.6-8.0	0.0-5.1	0.0-3.4	0.0-3.4	0.0-3.0	0.0-3.0	0.0-3.0	0.0-8.3	0.0-8.3	0.0-3.5	0.0-3.5	0.0-2.7	0.0-2.7	0.0-7.3	0.0-7.3	0.0-7.3	3.4-18.5	0.0-7.4	0.0-7.4	0.0-8.0	0.0-8.0	0.0-8.0	0.0-8.0	0.0-3.3	0.0-3.5	0.0-3.5	0.3-9.3	0.0-4.6	0.0-3.7	0.0-3.7	0.0-2.9	0.0-3.3	3.7-13.5	0.0-3.0	0.0-3.0	2.3-11.1	0.0-4.6	0.0-4.6	0.0-4.6	72.1-90.0	0.0-4.6	0.0-9.7	0.0-6.5	0.0-6.8	0.0-7.7	0.0-5.1	0.0-3.1	0.0-3.7	0.0-3.2	0.0-3.2	0.0-4.9	0.0-7.7	0.0-7.7	0.0-2.8	0.0-3.4
Kyerwa	-1.366195	30.8225429	11/64	0/76	0/76	0/76	0/76	0/76	0/76	0/76	0/76	0/76	0/102	0/102	0/48	1/48	2/47	0/72	0/48	0/68	1/68	0/68	1/63	0/29	0/83	104/104	100/104	89/89	0/89	30/72	0/92	0/77	0/88	1/88	0/88	84/88	101/107	48/109	0/103	0/103	1/66	0/66	0/33	0/56	1/56	1/56	0/56	0/56	0/57	0/55	0/55	13/55	3/55	0/71	7/71	1/71	2/98	2/98	0/98	1/95	4/69	0/69	0/72	0/102	1/96	0/96	0/96	0/96	0/96	0/96	0/111	0/94	0/94	0/94	0/107	0/107	0/107	0/107	0/107	0/107	0/84	0/84	10/84	0/84	0/84	1/104	0/104	0/103	1/91	0/91	0/91	1/73	0/69	0/69	0/39	0/107	1/107	55/114	1/114	0/69	2/82	0/87	0/51	0/83	0/62	0/89	0/89	1/89	0/89	2/89	0/89	0/89	0/89	0/100	0/100	0/100	0/70	1/70	0/90	0/90	0/108	0/108	0/61	0/61	0/61	1/73	0/64	0/64	0/50	1/50	0/50	0/50	1/93	2/84	0/84	0/66	0/103	0/83	0/83	1/111	1/98	1/112	2/98	0/98	0/109	0/78	1/78	0/78	63/78	0/78	0/72	0/72	0/66	0/66	0/77	0/101	0/88	0/97	0/97	1/76	0/64	0/64	0/105	0/80
Kyerwa	-1.366195	30.8225429	17.2	0.0	0.0	0.0	0.0	0.0	0.0	0.0	0.0	0.0	0.0	0.0	0.0	2.1	4.3	0.0	0.0	0.0	1.5	0.0	1.6	0.0	0.0	100.0	96.2	100.0	0.0	41.7	0.0	0.0	0.0	1.1	0.0	95.5	94.4	44.0	0.0	0.0	1.5	0.0	0.0	0.0	1.8	1.8	0.0	0.0	0.0	0.0	0.0	23.6	5.5	0.0	9.9	1.4	2.0	2.0	0.0	1.1	5.8	0.0	0.0	0.0	1.0	0.0	0.0	0.0	0.0	0.0	0.0	0.0	0.0	0.0	0.0	0.0	0.0	0.0	0.0	0.0	0.0	0.0	11.9	0.0	0.0	1.0	0.0	0.0	1.1	0.0	0.0	1.4	0.0	0.0	0.0	0.0	0.9	48.2	0.9	0.0	2.4	0.0	0.0	0.0	0.0	0.0	0.0	1.1	0.0	2.2	0.0	0.0	0.0	0.0	0.0	0.0	0.0	1.4	0.0	0.0	0.0	0.0	0.0	0.0	0.0	1.4	0.0	0.0	0.0	2.0	0.0	0.0	1.1	2.4	0.0	0.0	0.0	0.0	0.0	0.9	1.0	0.9	2.0	0.0	0.0	0.0	1.3	0.0	80.8	0.0	0.0	0.0	0.0	0.0	0.0	0.0	0.0	0.0	0.0	1.3	0.0	0.0	0.0	0.0
Kyerwa	-1.366195	30.8225429	8.9-28.7	0.0-4.7	0.0-4.7	0.0-4.7	0.0-4.7	0.0-4.7	0.0-4.7	0.0-4.7	0.0-4.7	0.0-4.7	0.0-3.6	0.0-3.6	0.0-7.4	0.1-11.1	0.5-14.5	0.0-5.0	0.0-7.4	0.0-5.3	0.0-7.9	0.0-5.3	0.0-8.5	0.0-11.9	0.0-4.3	96.5-100.0	90.4-98.9	95.9-100.0	0.0-4.1	30.2-53.9	0.0-3.9	0.0-4.7	0.0-4.1	0.0-6.2	0.0-4.1	88.8-98.7	88.2-97.9	34.5-53.9	0.0-3.5	0.0-3.5	0.0-8.2	0.0-5.4	0.0-10.6	0.0-6.4	0.0-9.6	0.0-9.6	0.0-6.4	0.0-6.4	0.0-6.3	0.0-6.5	0.0-6.5	13.2-37.0	1.1-15.1	0.0-5.1	4.1-19.3	0.0-7.6	0.2-7.2	0.2-7.2	0.0-3.7	0.0-5.7	1.6-14.2	0.0-5.2	0.0-5.0	0.0-3.6	0.0-5.7	0.0-3.8	0.0-3.8	0.0-3.8	0.0-3.8	0.0-3.8	0.0-3.3	0.0-3.8	0.0-3.8	0.0-3.8	0.0-3.4	0.0-3.4	0.0-3.4	0.0-3.4	0.0-3.4	0.0-3.4	0.0-4.3	0.0-4.3	5.9-20.8	0.0-4.3	0.0-4.3	0.0-5.2	0.0-3.5	0.0-3.5	0.0-6.0	0.0-4.0	0.0-4.0	0.0-7.4	0.0-5.2	0.0-5.2	0.0-9.0	0.0-3.4	0.0-5.1	38.8-57.8	0.0-4.8	0.0-5.2	0.3-8.5	0.0-4.2	0.0-7.0	0.0-4.3	0.0-5.8	0.0-4.1	0.0-4.1	0.0-6.1	0.0-4.1	0.3-7.9	0.0-4.1	0.0-4.1	0.0-4.1	0.0-3.6	0.0-3.6	0.0-3.6	0.0-5.1	0.0-7.7	0.0-4.0	0.0-4.0	0.0-3.4	0.0-3.4	0.0-5.9	0.0-5.9	0.0-5.9	0.0-7.4	0.0-5.6	0.0-5.6	0.0-7.1	0.1-10.6	0.0-7.1	0.0-7.1	0.0-5.8	0.3-8.3	0.0-4.3	0.0-5.4	0.0-3.5	0.0-4.3	0.0-4.3	0.0-4.9	0.0-5.6	0.0-4.9	0.2-7.2	0.0-3.7	0.0-3.3	0.0-4.6	0.0-6.9	0.0-4.6	70.3-88.8	0.0-4.6	0.0-5.0	0.0-5.0	0.0-5.4	0.0-5.4	0.0-4.7	0.0-3.6	0.0-4.1	0.0-3.7	0.0-3.7	0.0-7.1	0.0-5.6	0.0-5.6	0.0-3.5	0.0-4.5
Misenyi	-1.25452	31.4204	1/19	0/20	0/20	0/20	0/20	0/20	0/20	0/20	0/20	0/20	0/17	0/17	0/13	0/13	0/13	0/19	0/13	0/16	0/16	0/16	0/15	0/7	0/19	22/22	21/22	20/20	0/20	1/19	0/19	0/20	0/19	0/19	0/19	19/19	21/22	7/23	0/22	0/22	0/19	0/19	0/6	0/15	0/15	0/15	0/15	0/15	1/14	0/14	0/14	4/14	0/14	1/18	0/18	0/18	0/21	0/21	0/21	0/18	0/16	0/16	0/18	0/23	0/19	0/19	0/19	0/19	0/19	0/19	0/23	0/18	0/18	0/18	0/21	0/21	0/21	0/21	0/21	0/21	0/18	0/18	0/18	0/18	0/18	0/21	0/21	0/22	0/24	0/24	0/24	0/20	0/19	0/19	0/11	0/18	0/18	10/24	1/24	0/20	0/22	0/18	0/13	0/18	0/18	0/17	0/17	0/17	0/17	1/17	0/17	0/17	0/17	0/17	0/17	0/17	0/18	0/18	2/18	0/18	0/25	0/25	0/15	0/15	0/15	2/21	0/17	0/17	0/14	0/14	0/14	0/14	0/19	0/17	0/17	0/16	1/20	0/18	0/18	0/23	1/22	1/25	0/18	0/18	0/24	0/17	0/17	0/17	17/17	0/17	0/19	0/19	0/17	0/17	1/21	1/20	0/19	0/19	0/19	0/19	0/17	0/17	0/21	0/17
Misenyi	-1.25452	31.4204	5.3	0.0	0.0	0.0	0.0	0.0	0.0	0.0	0.0	0.0	0.0	0.0	0.0	0.0	0.0	0.0	0.0	0.0	0.0	0.0	0.0	0.0	0.0	100.0	95.5	100.0	0.0	5.3	0.0	0.0	0.0	0.0	0.0	100.0	95.5	30.4	0.0	0.0	0.0	0.0	0.0	0.0	0.0	0.0	0.0	0.0	7.1	0.0	0.0	28.6	0.0	5.6	0.0	0.0	0.0	0.0	0.0	0.0	0.0	0.0	0.0	0.0	0.0	0.0	0.0	0.0	0.0	0.0	0.0	0.0	0.0	0.0	0.0	0.0	0.0	0.0	0.0	0.0	0.0	0.0	0.0	0.0	0.0	0.0	0.0	0.0	0.0	0.0	0.0	0.0	0.0	0.0	0.0	0.0	0.0	41.7	4.2	0.0	0.0	0.0	0.0	0.0	0.0	0.0	0.0	0.0	0.0	5.9	0.0	0.0	0.0	0.0	0.0	0.0	0.0	0.0	11.1	0.0	0.0	0.0	0.0	0.0	0.0	9.5	0.0	0.0	0.0	0.0	0.0	0.0	0.0	0.0	0.0	0.0	5.0	0.0	0.0	0.0	4.5	4.0	0.0	0.0	0.0	0.0	0.0	0.0	100.0	0.0	0.0	0.0	0.0	0.0	4.8	5.0	0.0	0.0	0.0	0.0	0.0	0.0	0.0	0.0
Misenyi	-1.25452	31.4204	0.1-26.0	0.0-16.8	0.0-16.8	0.0-16.8	0.0-16.8	0.0-16.8	0.0-16.8	0.0-16.8	0.0-16.8	0.0-16.8	0.0-19.5	0.0-19.5	0.0-24.7	0.0-24.7	0.0-24.7	0.0-17.6	0.0-24.7	0.0-20.6	0.0-20.6	0.0-20.6	0.0-21.8	0.0-41.0	0.0-17.6	84.6-100.0	77.2-99.9	83.2-100.0	0.0-16.8	0.1-26.0	0.0-17.6	0.0-16.8	0.0-17.6	0.0-17.6	0.0-17.6	82.4-100.0	77.2-99.9	13.2-52.9	0.0-15.4	0.0-15.4	0.0-17.6	0.0-17.6	0.0-45.9	0.0-21.8	0.0-21.8	0.0-21.8	0.0-21.8	0.0-21.8	0.2-33.9	0.0-23.2	0.0-23.2	8.4-58.1	0.0-23.2	0.1-27.3	0.0-18.5	0.0-18.5	0.0-16.1	0.0-16.1	0.0-16.1	0.0-18.5	0.0-20.6	0.0-20.6	0.0-18.5	0.0-14.8	0.0-17.6	0.0-17.6	0.0-17.6	0.0-17.6	0.0-17.6	0.0-17.6	0.0-14.8	0.0-18.5	0.0-18.5	0.0-18.5	0.0-16.1	0.0-16.1	0.0-16.1	0.0-16.1	0.0-16.1	0.0-16.1	0.0-18.5	0.0-18.5	0.0-18.5	0.0-18.5	0.0-18.5	0.0-16.1	0.0-16.1	0.0-15.4	0.0-14.2	0.0-14.2	0.0-14.2	0.0-16.8	0.0-17.6	0.0-17.6	0.0-28.5	0.0-18.5	0.0-18.5	22.1-63.4	0.1-21.1	0.0-16.8	0.0-15.4	0.0-18.5	0.0-24.7	0.0-18.5	0.0-18.5	0.0-19.5	0.0-19.5	0.0-19.5	0.0-19.5	0.1-28.7	0.0-19.5	0.0-19.5	0.0-19.5	0.0-19.5	0.0-19.5	0.0-19.5	0.0-18.5	0.0-18.5	1.4-34.7	0.0-18.5	0.0-13.7	0.0-13.7	0.0-21.8	0.0-21.8	0.0-21.8	1.2-30.4	0.0-19.5	0.0-19.5	0.0-23.2	0.0-23.2	0.0-23.2	0.0-23.2	0.0-17.6	0.0-19.5	0.0-19.5	0.0-20.6	0.1-24.9	0.0-18.5	0.0-18.5	0.0-14.8	0.1-22.8	0.1-20.4	0.0-18.5	0.0-18.5	0.0-14.2	0.0-19.5	0.0-19.5	0.0-19.5	80.5-100.0	0.0-19.5	0.0-17.6	0.0-17.6	0.0-19.5	0.0-19.5	0.1-23.8	0.1-24.9	0.0-17.6	0.0-17.6	0.0-17.6	0.0-17.6	0.0-19.5	0.0-19.5	0.0-16.1	0.0-19.5
Muleba	-1.8001842	31.5414111	7/103	0/110	0/110	1/110	1/110	1/110	0/110	0/110	0/110	0/110	1/139	0/139	0/73	2/73	1/80	0/110	0/77	0/109	0/109	1/109	4/101	0/45	0/120	133/140	134/140	124/124	0/124	2/117	0/126	0/123	0/142	0/142	1/142	134/142	141/151	6/167	1/160	0/160	0/100	0/100	1/41	0/93	0/93	0/93	0/93	1/93	2/90	2/87	0/87	11/87	0/87	0/102	0/102	0/102	2/125	2/125	1/125	0/117	0/106	0/106	0/105	0/154	0/139	0/139	0/139	0/139	0/139	0/139	0/165	0/127	0/127	0/127	0/156	0/156	0/156	0/156	0/156	0/156	0/108	0/108	0/108	0/108	0/108	0/160	0/160	0/151	0/139	0/139	0/139	0/113	1/121	0/121	1/47	1/149	0/149	81/153	0/153	1/103	0/124	1/119	1/85	0/116	4/101	1/126	0/126	1/126	7/126	6/126	7/126	3/126	0/126	1/152	0/152	4/152	0/114	4/114	3/117	1/117	1/156	2/156	0/98	0/98	0/98	1/123	1/104	0/104	2/84	0/84	1/84	0/84	0/129	1/110	1/110	0/93	3/143	1/119	1/119	0/159	0/137	0/166	0/129	1/129	4/142	1/115	0/115	2/115	103/115	2/115	0/113	1/113	0/105	1/98	0/117	0/140	1/126	0/140	0/140	0/119	1/97	0/97	4/145	5/106
Muleba	-1.8001842	31.5414111	6.8	0.0	0.0	0.9	0.9	0.9	0.0	0.0	0.0	0.0	0.7	0.0	0.0	2.7	1.2	0.0	0.0	0.0	0.0	0.9	4.0	0.0	0.0	95.0	95.7	100.0	0.0	1.7	0.0	0.0	0.0	0.0	0.7	94.4	93.4	3.6	0.6	0.0	0.0	0.0	2.4	0.0	0.0	0.0	0.0	1.1	2.2	2.3	0.0	12.6	0.0	0.0	0.0	0.0	1.6	1.6	0.8	0.0	0.0	0.0	0.0	0.0	0.0	0.0	0.0	0.0	0.0	0.0	0.0	0.0	0.0	0.0	0.0	0.0	0.0	0.0	0.0	0.0	0.0	0.0	0.0	0.0	0.0	0.0	0.0	0.0	0.0	0.0	0.0	0.0	0.8	0.0	2.1	0.7	0.0	52.9	0.0	1.0	0.0	0.8	1.2	0.0	4.0	0.8	0.0	0.8	5.6	4.8	5.6	2.4	0.0	0.7	0.0	2.6	0.0	3.5	2.6	0.9	0.6	1.3	0.0	0.0	0.0	0.8	1.0	0.0	2.4	0.0	1.2	0.0	0.0	0.9	0.9	0.0	2.1	0.8	0.8	0.0	0.0	0.0	0.0	0.8	2.8	0.9	0.0	1.7	89.6	1.7	0.0	0.9	0.0	1.0	0.0	0.0	0.8	0.0	0.0	0.0	1.0	0.0	2.8	4.7
Muleba	-1.8001842	31.5414111	2.8-13.5	0.0-3.3	0.0-3.3	0.0-5.0	0.0-5.0	0.0-5.0	0.0-3.3	0.0-3.3	0.0-3.3	0.0-3.3	0.0-3.9	0.0-2.6	0.0-4.9	0.3-9.5	0.0-6.8	0.0-3.3	0.0-4.7	0.0-3.3	0.0-3.3	0.0-5.0	1.1-9.8	0.0-7.9	0.0-3.0	90.0-98.0	90.9-98.4	97.1-100.0	0.0-2.9	0.2-6.0	0.0-2.9	0.0-3.0	0.0-2.6	0.0-2.6	0.0-3.9	89.2-97.5	88.2-96.8	1.3-7.7	0.0-3.4	0.0-2.3	0.0-3.6	0.0-3.6	0.1-12.9	0.0-3.9	0.0-3.9	0.0-3.9	0.0-3.9	0.0-5.8	0.3-7.8	0.3-8.1	0.0-4.2	6.5-21.5	0.0-4.2	0.0-3.6	0.0-3.6	0.0-3.6	0.2-5.7	0.2-5.7	0.0-4.4	0.0-3.1	0.0-3.4	0.0-3.4	0.0-3.5	0.0-2.4	0.0-2.6	0.0-2.6	0.0-2.6	0.0-2.6	0.0-2.6	0.0-2.6	0.0-2.2	0.0-2.9	0.0-2.9	0.0-2.9	0.0-2.3	0.0-2.3	0.0-2.3	0.0-2.3	0.0-2.3	0.0-2.3	0.0-3.4	0.0-3.4	0.0-3.4	0.0-3.4	0.0-3.4	0.0-2.3	0.0-2.3	0.0-2.4	0.0-2.6	0.0-2.6	0.0-2.6	0.0-3.2	0.0-4.5	0.0-3.0	0.1-11.3	0.0-3.7	0.0-2.4	44.7-61.1	0.0-2.4	0.0-5.3	0.0-2.9	0.0-4.6	0.0-6.4	0.0-3.1	1.1-9.8	0.0-4.3	0.0-2.9	0.0-4.3	2.3-11.1	1.8-10.1	2.3-11.1	0.5-6.8	0.0-2.9	0.0-3.6	0.0-2.4	0.7-6.6	0.0-3.2	1.0-8.7	0.5-7.3	0.0-4.7	0.0-3.5	0.2-4.6	0.0-3.7	0.0-3.7	0.0-3.7	0.0-4.4	0.0-5.2	0.0-3.5	0.3-8.3	0.0-4.3	0.0-6.5	0.0-4.3	0.0-2.8	0.0-5.0	0.0-5.0	0.0-3.9	0.4-6.0	0.0-4.6	0.0-4.6	0.0-2.3	0.0-2.7	0.0-2.2	0.0-2.8	0.0-4.2	0.8-7.1	0.0-4.7	0.0-3.2	0.2-6.1	82.5-94.5	0.2-6.1	0.0-3.2	0.0-4.8	0.0-3.5	0.0-5.6	0.0-3.1	0.0-2.6	0.0-4.3	0.0-2.6	0.0-2.6	0.0-3.1	0.0-5.6	0.0-3.7	0.8-6.9	1.5-10.7
Ngara	-2.4965761	30.61654	19/94	0/90	0/90	22/90	22/90	22/90	0/90	0/90	0/90	0/90	17/128	0/128	0/59	11/59	11/63	0/97	0/52	0/84	0/84	0/84	17/82	1/30	0/101	118/119	106/119	98/98	0/98	8/87	0/104	0/90	0/107	1/107	0/107	104/107	116/122	41/142	0/136	0/136	0/71	1/71	0/28	0/74	0/74	0/74	1/74	1/74	3/70	2/70	1/70	8/70	0/70	2/84	1/84	0/84	3/109	1/109	0/109	0/100	0/81	1/81	0/86	0/134	0/116	0/116	0/116	0/116	0/116	0/116	0/146	0/104	0/104	0/104	0/136	0/136	0/136	0/136	0/136	0/136	0/103	3/103	2/103	0/103	0/103	0/132	0/132	0/127	0/112	2/112	0/112	0/87	0/91	0/91	0/31	0/146	2/146	64/151	0/151	0/90	0/104	0/103	0/71	1/96	0/89	0/111	0/111	2/111	0/111	3/111	4/111	0/111	1/111	0/130	1/130	0/130	0/92	0/92	3/110	0/110	0/148	0/148	0/74	0/74	0/74	1/83	1/78	0/78	0/66	0/66	0/66	1/66	0/112	2/98	0/98	6/83	1/137	0/115	0/115	2/146	9/125	0/147	2/109	0/109	3/128	0/87	0/87	2/87	76/87	0/87	0/88	0/88	0/82	0/79	0/100	0/121	0/103	1/115	5/115	0/87	0/78	0/78	0/128	0/96
Ngara	-2.4965761	30.61654	20.2	0.0	0.0	24.4	24.4	24.4	0.0	0.0	0.0	0.0	13.3	0.0	0.0	18.6	17.5	0.0	0.0	0.0	0.0	0.0	20.7	3.3	0.0	99.2	89.1	100.0	0.0	9.2	0.0	0.0	0.0	0.9	0.0	97.2	95.1	28.9	0.0	0.0	0.0	1.4	0.0	0.0	0.0	0.0	1.4	1.4	4.3	2.9	1.4	11.4	0.0	2.4	1.2	0.0	2.8	0.9	0.0	0.0	0.0	1.2	0.0	0.0	0.0	0.0	0.0	0.0	0.0	0.0	0.0	0.0	0.0	0.0	0.0	0.0	0.0	0.0	0.0	0.0	0.0	2.9	1.9	0.0	0.0	0.0	0.0	0.0	0.0	1.8	0.0	0.0	0.0	0.0	0.0	0.0	1.4	42.4	0.0	0.0	0.0	0.0	0.0	1.0	0.0	0.0	0.0	1.8	0.0	2.7	3.6	0.0	0.9	0.0	0.8	0.0	0.0	0.0	2.7	0.0	0.0	0.0	0.0	0.0	0.0	1.2	1.3	0.0	0.0	0.0	0.0	1.5	0.0	2.0	0.0	7.2	0.7	0.0	0.0	1.4	7.2	0.0	1.8	0.0	2.3	0.0	0.0	2.3	87.4	0.0	0.0	0.0	0.0	0.0	0.0	0.0	0.0	0.9	4.3	0.0	0.0	0.0	0.0	0.0
Ngara	-2.4965761	30.61654	12.6-29.8	0.0-4.0	0.0-4.0	16.0-34.6	16.0-34.6	16.0-34.6	0.0-4.0	0.0-4.0	0.0-4.0	0.0-4.0	7.9-20.4	0.0-2.8	0.0-6.1	9.7-30.9	9.1-29.1	0.0-3.7	0.0-6.8	0.0-4.3	0.0-4.3	0.0-4.3	12.6-31.1	0.1-17.2	0.0-3.6	95.4-100.0	82.0-94.1	96.3-100.0	0.0-3.7	4.1-17.3	0.0-3.5	0.0-4.0	0.0-3.4	0.0-5.1	0.0-3.4	92.0-99.4	89.6-98.2	21.6-37.1	0.0-2.7	0.0-2.7	0.0-5.1	0.0-7.6	0.0-12.3	0.0-4.9	0.0-4.9	0.0-4.9	0.0-7.3	0.0-7.3	0.9-12.0	0.3-9.9	0.0-7.7	5.1-21.3	0.0-5.1	0.3-8.3	0.0-6.5	0.0-4.3	0.6-7.8	0.0-5.0	0.0-3.3	0.0-3.6	0.0-4.5	0.0-6.7	0.0-4.2	0.0-2.7	0.0-3.1	0.0-3.1	0.0-3.1	0.0-3.1	0.0-3.1	0.0-3.1	0.0-2.5	0.0-3.5	0.0-3.5	0.0-3.5	0.0-2.7	0.0-2.7	0.0-2.7	0.0-2.7	0.0-2.7	0.0-2.7	0.0-3.5	0.6-8.3	0.2-6.8	0.0-3.5	0.0-3.5	0.0-2.8	0.0-2.8	0.0-2.9	0.0-3.2	0.2-6.3	0.0-3.2	0.0-4.2	0.0-4.0	0.0-4.0	0.0-11.2	0.0-2.5	0.2-4.9	34.4-50.7	0.0-2.4	0.0-4.0	0.0-3.5	0.0-3.5	0.0-5.1	0.0-5.7	0.0-4.1	0.0-3.3	0.0-3.3	0.2-6.4	0.0-3.3	0.6-7.7	1.0-9.0	0.0-3.3	0.0-4.9	0.0-2.8	0.0-4.2	0.0-2.8	0.0-3.9	0.0-3.9	0.6-7.8	0.0-3.3	0.0-2.5	0.0-2.5	0.0-4.9	0.0-4.9	0.0-4.9	0.0-6.5	0.0-6.9	0.0-4.6	0.0-5.4	0.0-5.4	0.0-5.4	0.0-8.2	0.0-3.2	0.2-7.2	0.0-3.7	2.7-15.1	0.0-4.0	0.0-3.2	0.0-3.2	0.2-4.9	3.3-13.2	0.0-2.5	0.2-6.5	0.0-3.3	0.5-6.7	0.0-4.2	0.0-4.2	0.3-8.1	78.5-93.5	0.0-4.2	0.0-4.1	0.0-4.1	0.0-4.4	0.0-4.6	0.0-3.6	0.0-3.0	0.0-3.5	0.0-4.7	1.4-9.9	0.0-4.2	0.0-4.6	0.0-4.6	0.0-2.8	0.0-3.8
overall			52/391	0/406	0/406	27/406	27/406	27/406	0/406	0/406	0/406	0/406	19/563	0/563	0/265	17/265	16/280	0/404	0/266	0/391	3/391	1/391	25/356	3/162	0/472	550/558	515/558	487/487	0/487	63/401	1/505	1/450	0/510	2/510	1/510	484/510	547/582	157/631	1/605	0/605	1/358	1/358	1/157	1/322	1/322	1/322	1/322	2/322	8/311	4/306	1/306	61/306	6/306	3/395	8/395	3/395	9/521	6/521	1/521	1/492	5/387	1/387	4/411	5/591	1/538	0/538	0/538	0/538	0/538	0/538	0/631	0/508	0/508	0/508	1/602	0/602	0/602	0/602	0/602	0/602	0/467	3/467	36/467	1/467	0/467	1/596	0/596	0/582	2/531	2/531	0/531	3/410	1/408	1/408	1/169	1/596	3/596	279/629	5/629	1/403	2/478	1/477	1/300	1/460	5/365	1/498	0/498	8/498	8/498	16/498	12/498	3/498	1/498	1/570	1/570	5/570	1/408	7/408	10/486	1/486	1/629	2/629	1/339	1/339	2/339	12/415	2/355	1/355	2/294	1/294	1/294	1/294	1/515	5/452	1/452	8/374	8/575	1/481	2/481	3/620	12/538	12/634	4/521	1/521	14/581	1/426	2/426	4/426	372/426	2/426	1/397	1/397	1/365	1/349	1/437	1/551	1/480	1/534	5/534	1/424	1/344	1/344	4/580	5/444
overall			13.3	0.0	0.0	6.7	6.7	6.7	0.0	0.0	0.0	0.0	3.4	0.0	0.0	6.4	5.7	0.0	0.0	0.0	0.8	0.3	7.0	1.9	0.0	98.6	92.3	100.0	0.0	15.7	0.2	0.2	0.0	0.4	0.2	94.9	94.0	24.9	0.2	0.0	0.3	0.3	0.6	0.3	0.3	0.3	0.3	0.6	2.6	1.3	0.3	19.9	2.0	0.8	2.0	0.8	1.7	1.2	0.2	0.2	1.3	0.3	1.0	0.8	0.2	0.0	0.0	0.0	0.0	0.0	0.0	0.0	0.0	0.0	0.2	0.0	0.0	0.0	0.0	0.0	0.0	0.6	7.7	0.2	0.0	0.2	0.0	0.0	0.4	0.4	0.0	0.7	0.2	0.2	0.6	0.2	0.5	44.4	0.8	0.2	0.4	0.2	0.3	0.2	1.4	0.2	0.0	1.6	1.6	3.2	2.4	0.6	0.2	0.2	0.2	0.9	0.2	1.7	2.1	0.2	0.2	0.3	0.3	0.3	0.6	2.9	0.6	0.3	0.7	0.3	0.3	0.3	0.2	1.1	0.2	2.1	1.4	0.2	0.4	0.5	2.2	1.9	0.8	0.2	2.4	0.2	0.5	0.9	87.3	0.5	0.3	0.3	0.3	0.3	0.2	0.2	0.2	0.2	0.9	0.2	0.3	0.3	0.7	1.1
overall			10.1-17.1	0.0-0.9	0.0-0.9	4.4-9.5	4.4-9.5	4.4-9.5	0.0-0.9	0.0-0.9	0.0-0.9	0.0-0.9	2.0-5.2	0.0-0.7	0.0-1.4	3.8-10.1	3.3-9.1	0.0-0.9	0.0-1.4	0.0-0.9	0.2-2.2	0.0-1.4	4.6-10.2	0.4-5.3	0.0-0.8	97.2-99.4	89.8-94.4	99.2-100.0	0.0-0.8	12.3-19.6	0.0-1.1	0.0-1.2	0.0-0.7	0.0-1.4	0.0-1.1	92.6-96.6	91.7-95.8	21.6-28.4	0.0-0.9	0.0-0.6	0.0-1.5	0.0-1.5	0.0-3.5	0.0-1.7	0.0-1.7	0.0-1.7	0.0-1.7	0.1-2.2	1.1-5.0	0.4-3.3	0.0-1.8	15.6-24.9	0.7-4.2	0.2-2.2	0.9-4.0	0.2-2.2	0.8-3.3	0.4-2.5	0.0-1.1	0.0-1.1	0.4-3.0	0.0-1.4	0.3-2.5	0.3-2.0	0.0-1.0	0.0-0.7	0.0-0.7	0.0-0.7	0.0-0.7	0.0-0.7	0.0-0.6	0.0-0.7	0.0-0.7	0.0-0.7	0.0-0.9	0.0-0.6	0.0-0.6	0.0-0.6	0.0-0.6	0.0-0.6	0.0-0.8	0.1-1.9	5.5-10.5	0.0-1.2	0.0-0.8	0.0-0.9	0.0-0.6	0.0-0.6	0.0-1.4	0.0-1.4	0.0-0.7	0.2-2.1	0.0-1.4	0.0-1.4	0.0-3.3	0.0-0.9	0.1-1.5	40.4-48.3	0.3-1.8	0.0-1.4	0.1-1.5	0.0-1.2	0.0-1.8	0.0-1.2	0.4-3.2	0.0-1.1	0.0-0.7	0.7-3.1	0.7-3.1	1.8-5.2	1.3-4.2	0.1-1.8	0.0-1.1	0.0-1.0	0.0-1.0	0.3-2.0	0.0-1.4	0.7-3.5	1.0-3.8	0.0-1.1	0.0-0.9	0.0-1.1	0.0-1.6	0.0-1.6	0.1-2.1	1.5-5.0	0.1-2.0	0.0-1.6	0.1-2.4	0.0-1.9	0.0-1.9	0.0-1.9	0.0-1.1	0.4-2.6	0.0-1.2	0.9-4.2	0.6-2.7	0.0-1.2	0.1-1.5	0.1-1.4	1.2-3.9	1.0-3.3	0.2-2.0	0.0-1.1	1.3-4.0	0.0-1.3	0.1-1.7	0.3-2.4	83.8-90.3	0.1-1.7	0.0-1.4	0.0-1.4	0.0-1.5	0.0-1.6	0.0-1.3	0.0-1.0	0.0-1.2	0.0-1.0	0.3-2.2	0.0-1.3	0.0-1.6	0.0-1.6	0.2-1.8	0.4-2.6
