		Biharamulo	Biharamulo	Bukoba DC	Bukoba DC	Karagwe	Karagwe	Kyerwa	Kyerwa	Misenyi	Misenyi	Muleba	Muleba	Ngara	Ngara
mutation	year	obs/pop	prev (CI)	obs/pop	prev (CI)	obs/pop	prev (CI)	obs/pop	prev (CI)	obs/pop	prev (CI)	obs/pop	prev (CI)	obs/pop	prev (CI)
crt-Cys72Ser	2021	0/20	0.0	0/38	0.0	0/116	0.0	0/110	0.0	0/25	0.0	0/152	0.0	0/128	0.0
crt-Cys72Ser	2022	-	-	-	-	0/164	0.0	-	-	-	-	0/76	0.0	0/94	0.0
crt-Cys72Ser	2023	0/61	0.0	0/144	0.0	0/56	0.0	1/144	0.7 (0.0-1.8)	0/94	0.0	0/190	0.0	0/216	0.0
crt-Val73Leu	2021	0/20	0.0	0/38	0.0	1/116	0.9 (0.0-2.3)	0/110	0.0	0/25	0.0	0/152	0.0	0/128	0.0
crt-Val73Leu	2022	-	-	-	-	1/164	0.6 (0.0-1.6)	-	-	-	-	0/76	0.0	1/94	1.1 (0.0-2.8)
crt-Val73Leu	2023	0/61	0.0	2/144	1.4 (0.0-3.0)	0/56	0.0	0/144	0.0	2/94	2.1 (0.0-4.6)	0/190	0.0	0/216	0.0
crt-Met74Ile	2021	1/20	5.0 (0.0-13.0)	2/38	5.3 (0.0-11.2)	1/116	0.9 (0.0-2.3)	1/110	0.9 (0.0-2.4)	1/25	4.0 (0.0-10.4)	2/152	1.3 (0.0-2.8)	31/128	24.2 (18.0-30.4)
crt-Met74Ile	2022	-	-	-	-	5/164	3.0 (0.8-5.3)	-	-	-	-	1/76	1.3 (0.0-3.5)	23/94	24.5 (17.2-31.8)
crt-Met74Ile	2023	1/61	1.6 (0.0-4.3)	1/144	0.7 (0.0-1.8)	0/56	0.0	4/144	2.8 (0.5-5.0)	2/94	2.1 (0.0-4.6)	2/190	1.1 (0.0-2.3)	22/216	10.2 (6.8-13.6)
crt-Asn75Glu	2021	1/20	5.0 (0.0-13.0)	2/38	5.3 (0.0-11.2)	1/116	0.9 (0.0-2.3)	1/110	0.9 (0.0-2.4)	1/25	4.0 (0.0-10.4)	2/152	1.3 (0.0-2.8)	31/128	24.2 (18.0-30.4)
crt-Asn75Glu	2022	-	-	-	-	3/164	1.8 (0.1-3.6)	-	-	-	-	1/76	1.3 (0.0-3.5)	23/94	24.5 (17.2-31.8)
crt-Asn75Glu	2023	1/61	1.6 (0.0-4.3)	1/144	0.7 (0.0-1.8)	0/56	0.0	3/144	2.1 (0.1-4.0)	2/94	2.1 (0.0-4.6)	1/190	0.5 (0.0-1.4)	21/216	9.7 (6.4-13.0)
crt-Lys76Thr	2021	1/20	5.0 (0.0-13.0)	2/38	5.3 (0.0-11.2)	1/116	0.9 (0.0-2.3)	1/110	0.9 (0.0-2.4)	1/25	4.0 (0.0-10.4)	2/152	1.3 (0.0-2.8)	31/128	24.2 (18.0-30.4)
crt-Lys76Thr	2022	-	-	-	-	3/164	1.8 (0.1-3.6)	-	-	-	-	1/76	1.3 (0.0-3.5)	23/94	24.5 (17.2-31.8)
crt-Lys76Thr	2023	1/61	1.6 (0.0-4.3)	1/144	0.7 (0.0-1.8)	0/56	0.0	3/144	2.1 (0.1-4.0)	2/94	2.1 (0.0-4.6)	1/190	0.5 (0.0-1.4)	21/216	9.7 (6.4-13.0)
crt-Thr93Ser	2021	0/20	0.0	0/38	0.0	0/116	0.0	0/110	0.0	0/25	0.0	0/152	0.0	0/128	0.0
crt-Thr93Ser	2022	-	-	-	-	0/164	0.0	-	-	-	-	0/76	0.0	0/94	0.0
crt-Thr93Ser	2023	0/61	0.0	0/144	0.0	0/56	0.0	0/144	0.0	0/94	0.0	0/190	0.0	0/216	0.0
crt-His97Leu	2021	0/20	0.0	0/38	0.0	0/116	0.0	0/110	0.0	0/25	0.0	0/152	0.0	0/128	0.0
crt-His97Leu	2022	-	-	-	-	0/164	0.0	-	-	-	-	0/76	0.0	0/94	0.0
crt-His97Leu	2023	0/61	0.0	0/144	0.0	0/56	0.0	0/144	0.0	0/94	0.0	0/190	0.0	0/216	0.0
crt-His97Tyr	2021	0/20	0.0	0/38	0.0	0/116	0.0	0/110	0.0	0/25	0.0	0/152	0.0	0/128	0.0
crt-His97Tyr	2022	-	-	-	-	0/164	0.0	-	-	-	-	0/76	0.0	0/94	0.0
crt-His97Tyr	2023	0/61	0.0	0/144	0.0	0/56	0.0	0/144	0.0	0/94	0.0	0/190	0.0	0/216	0.0
crt-Cys101Phe	2021	0/20	0.0	0/38	0.0	0/116	0.0	0/110	0.0	0/25	0.0	0/152	0.0	0/128	0.0
crt-Cys101Phe	2022	-	-	-	-	1/164	0.6 (0.0-1.6)	-	-	-	-	0/76	0.0	0/94	0.0
crt-Cys101Phe	2023	0/61	0.0	2/144	1.4 (0.0-3.0)	1/56	1.8 (0.0-4.7)	0/144	0.0	1/94	1.1 (0.0-2.8)	0/190	0.0	0/216	0.0
crt-Phe145Ile	2021	0/21	0.0	0/35	0.0	0/144	0.0	0/120	0.0	0/25	0.0	0/180	0.0	0/162	0.0
crt-Phe145Ile	2022	-	-	-	-	0/157	0.0	-	-	-	-	0/65	0.0	0/79	0.0
crt-Phe145Ile	2023	0/66	0.0	0/146	0.0	0/67	0.0	0/158	0.0	0/98	0.0	0/205	0.0	0/227	0.0
crt-Ile218Phe	2021	0/18	0.0	0/31	0.0	0/57	0.0	0/74	0.0	0/16	0.0	0/99	0.0	0/89	0.0
crt-Ile218Phe	2022	-	-	-	-	0/142	0.0	-	-	-	-	0/29	0.0	0/56	0.0
crt-Ile218Phe	2023	0/45	0.0	0/81	0.0	0/32	0.0	0/106	0.0	0/54	0.0	0/108	0.0	0/111	0.0
crt-Ala220Ser	2021	1/18	5.6 (0.0-14.4)	1/31	3.2 (0.0-8.4)	1/57	1.8 (0.0-4.6)	4/74	5.4 (1.1-9.7)	0/16	0.0	4/99	4.0 (0.8-7.3)	18/89	20.2 (13.2-27.2)
crt-Ala220Ser	2022	-	-	-	-	3/142	2.1 (0.1-4.1)	-	-	-	-	0/29	0.0	14/56	25.0 (15.5-34.5)
crt-Ala220Ser	2023	0/45	0.0	0/81	0.0	0/32	0.0	1/106	0.9 (0.0-2.5)	0/54	0.0	3/108	2.8 (0.2-5.4)	13/111	11.7 (6.7-16.7)
crt-Gln271Glu	2021	1/18	5.6 (0.0-14.4)	2/33	6.1 (0.0-12.9)	1/78	1.3 (0.0-3.4)	2/72	2.8 (0.0-6.0)	1/23	4.3 (0.0-11.3)	2/110	1.8 (0.0-3.9)	23/99	23.2 (16.3-30.2)
crt-Gln271Glu	2022	-	-	-	-	3/145	2.1 (0.1-4.0)	-	-	-	-	1/49	2.0 (0.0-5.4)	14/71	19.7 (12.0-27.5)
crt-Gln271Glu	2023	0/34	0.0	1/111	0.9 (0.0-2.4)	0/41	0.0	1/112	0.9 (0.0-2.4)	11/74	14.9 (8.1-21.7)	0/131	0.0	15/173	8.7 (5.2-12.2)
crt-Asn326Ser	2021	0/20	0.0	0/38	0.0	0/91	0.0	0/93	0.0	0/27	0.0	1/137	0.7 (0.0-1.9)	0/117	0.0
crt-Asn326Ser	2022	-	-	-	-	7/166	4.2 (1.7-6.8)	-	-	-	-	0/71	0.0	0/87	0.0
crt-Asn326Ser	2023	0/62	0.0	0/140	0.0	0/51	0.0	1/145	0.7 (0.0-1.8)	0/96	0.0	1/184	0.5 (0.0-1.4)	2/212	0.9 (0.0-2.0)
crt-Met343Leu	2021	0/19	0.0	0/29	0.0	0/60	0.0	0/74	0.0	0/21	0.0	0/118	0.0	0/76	0.0
crt-Met343Leu	2022	-	-	-	-	0/156	0.0	-	-	-	-	0/50	0.0	0/70	0.0
crt-Met343Leu	2023	0/45	0.0	0/127	0.0	0/45	0.0	0/134	0.0	0/88	0.0	0/151	0.0	0/173	0.0
crt-Gly353Val	2021	0/20	0.0	0/36	0.0	0/126	0.0	0/112	0.0	0/23	0.0	0/157	0.0	0/122	0.0
crt-Gly353Val	2022	-	-	-	-	0/155	0.0	-	-	-	-	0/66	0.0	0/87	0.0
crt-Gly353Val	2023	0/64	0.0	0/143	0.0	0/56	0.0	0/150	0.0	0/93	0.0	0/196	0.0	0/214	0.0
crt-Ile356Thr	2021	0/20	0.0	0/36	0.0	0/126	0.0	0/112	0.0	0/23	0.0	1/157	0.6 (0.0-1.7)	0/122	0.0
crt-Ile356Thr	2022	-	-	-	-	0/155	0.0	-	-	-	-	0/66	0.0	0/87	0.0
crt-Ile356Thr	2023	0/64	0.0	0/143	0.0	0/56	0.0	0/150	0.0	0/93	0.0	0/196	0.0	0/214	0.0
crt-Arg371Ile	2021	2/19	10.5 (0.0-22.1)	1/34	2.9 (0.0-7.7)	3/86	3.5 (0.2-6.7)	1/85	1.2 (0.0-3.1)	0/24	0.0	4/128	3.1 (0.6-5.7)	23/107	21.5 (15.0-28.0)
crt-Arg371Ile	2022	-	-	-	-	3/151	2.0 (0.1-3.9)	-	-	-	-	3/59	5.1 (0.4-9.8)	16/75	21.3 (13.6-29.1)
crt-Arg371Ile	2023	0/59	0.0	3/134	2.2 (0.1-4.3)	0/50	0.0	3/132	2.3 (0.1-4.4)	16/95	16.8 (10.5-23.2)	1/185	0.5 (0.0-1.4)	21/205	10.2 (6.8-13.7)
dhfr-ts-Ala16Val	2021	0/21	0.0	0/38	0.0	0/140	0.0	0/119	0.0	0/25	0.0	0/167	0.0	0/149	0.0
dhfr-ts-Ala16Val	2022	-	-	-	-	0/162	0.0	-	-	-	-	0/75	0.0	0/90	0.0
dhfr-ts-Ala16Val	2023	0/64	0.0	1/144	0.7 (0.0-1.8)	0/62	0.0	0/152	0.0	0/96	0.0	0/191	0.0	0/222	0.0
dhfr-ts-Asn51Ile	2021	22/22	100.0 (100.0-100.0)	40/40	100.0 (100.0-100.0)	142/142	100.0 (100.0-100.0)	129/129	100.0 (100.0-100.0)	25/25	100.0 (100.0-100.0)	166/174	95.4 (92.8-98.0)	159/160	99.4 (98.4-100.0)
dhfr-ts-Asn51Ile	2022	-	-	-	-	164/164	100.0 (100.0-100.0)	-	-	-	-	76/77	98.7 (96.6-100.0)	92/93	98.9 (97.2-100.0)
dhfr-ts-Asn51Ile	2023	65/69	94.2 (89.6-98.8)	147/147	100.0 (100.0-100.0)	64/64	100.0 (100.0-100.0)	154/155	99.4 (98.3-100.0)	98/98	100.0 (100.0-100.0)	204/204	100.0 (100.0-100.0)	224/228	98.2 (96.8-99.7)
dhfr-ts-Cys59Arg	2021	19/22	86.4 (74.3-98.4)	34/40	85.0 (75.7-94.3)	129/142	90.8 (86.9-94.8)	124/129	96.1 (93.3-98.9)	23/25	92.0 (83.1-100.0)	168/174	96.6 (94.3-98.8)	135/160	84.4 (79.7-89.1)
dhfr-ts-Cys59Arg	2022	-	-	-	-	144/164	87.8 (83.6-92.0)	-	-	-	-	69/77	89.6 (83.9-95.3)	80/93	86.0 (80.1-91.9)
dhfr-ts-Cys59Arg	2023	63/69	91.3 (85.7-96.9)	136/147	92.5 (88.9-96.1)	59/64	92.2 (86.7-97.7)	143/155	92.3 (88.7-95.8)	98/98	100.0 (100.0-100.0)	186/204	91.2 (87.9-94.4)	201/228	88.2 (84.6-91.7)
dhfr-ts-Ser108Asn	2021	21/21	100.0 (100.0-100.0)	37/37	100.0 (100.0-100.0)	134/134	100.0 (100.0-100.0)	112/112	100.0 (100.0-100.0)	25/25	100.0 (100.0-100.0)	163/163	100.0 (100.0-100.0)	140/140	100.0 (100.0-100.0)
dhfr-ts-Ser108Asn	2022	-	-	-	-	162/162	100.0 (100.0-100.0)	-	-	-	-	69/69	100.0 (100.0-100.0)	92/92	100.0 (100.0-100.0)
dhfr-ts-Ser108Asn	2023	66/66	100.0 (100.0-100.0)	146/146	100.0 (100.0-100.0)	61/61	100.0 (100.0-100.0)	151/151	100.0 (100.0-100.0)	98/98	100.0 (100.0-100.0)	194/194	100.0 (100.0-100.0)	216/216	100.0 (100.0-100.0)
dhfr-ts-Ser108Thr	2021	0/21	0.0	0/37	0.0	0/134	0.0	0/112	0.0	0/25	0.0	0/163	0.0	1/140	0.7 (0.0-1.9)
dhfr-ts-Ser108Thr	2022	-	-	-	-	0/162	0.0	-	-	-	-	0/69	0.0	1/92	1.1 (0.0-2.9)
dhfr-ts-Ser108Thr	2023	1/66	1.5 (0.0-4.0)	2/146	1.4 (0.0-3.0)	0/61	0.0	1/151	0.7 (0.0-1.7)	0/98	0.0	4/194	2.1 (0.4-3.7)	1/216	0.5 (0.0-1.2)
dhfr-ts-Ile164Leu	2021	0/20	0.0	3/37	8.1 (0.7-15.5)	31/95	32.6 (24.7-40.5)	33/89	37.1 (28.7-45.5)	1/25	4.0 (0.0-10.4)	2/142	1.4 (0.0-3.0)	10/118	8.5 (4.3-12.7)
dhfr-ts-Ile164Leu	2022	-	-	-	-	59/155	38.1 (31.6-44.5)	-	-	-	-	2/73	2.7 (0.0-5.9)	13/94	13.8 (8.0-19.7)
dhfr-ts-Ile164Leu	2023	1/62	1.6 (0.0-4.2)	19/147	12.9 (8.4-17.5)	17/58	29.3 (19.5-39.1)	37/150	24.7 (18.9-30.5)	15/95	15.8 (9.6-21.9)	5/194	2.6 (0.7-4.4)	20/219	9.1 (5.9-12.3)
dhps-Ile431Val	2021	0/21	0.0	0/41	0.0	0/143	0.0	0/126	0.0	0/27	0.0	0/175	0.0	0/161	0.0
dhps-Ile431Val	2022	-	-	-	-	0/168	0.0	-	-	-	-	0/80	0.0	0/93	0.0
dhps-Ile431Val	2023	0/69	0.0	0/146	0.0	0/65	0.0	0/160	0.0	0/99	0.0	0/211	0.0	0/234	0.0
dhps-Ser436Ala	2021	0/21	0.0	0/41	0.0	0/143	0.0	2/126	1.6 (0.0-3.4)	0/27	0.0	2/175	1.1 (0.0-2.5)	2/161	1.2 (0.0-2.7)
dhps-Ser436Ala	2022	-	-	-	-	0/168	0.0	-	-	-	-	1/80	1.2 (0.0-3.3)	0/93	0.0
dhps-Ser436Ala	2023	0/69	0.0	1/146	0.7 (0.0-1.8)	4/65	6.2 (1.3-11.1)	0/160	0.0	0/99	0.0	2/211	0.9 (0.0-2.0)	0/234	0.0
dhps-Ser436Phe	2021	0/21	0.0	0/41	0.0	0/143	0.0	0/126	0.0	0/27	0.0	1/175	0.6 (0.0-1.5)	0/161	0.0
dhps-Ser436Phe	2022	-	-	-	-	0/168	0.0	-	-	-	-	0/80	0.0	0/93	0.0
dhps-Ala437Gly	2021	18/21	85.7 (73.2-98.3)	41/41	100.0 (100.0-100.0)	130/143	90.9 (87.0-94.9)	118/126	93.7 (90.1-97.2)	26/27	96.3 (90.3-100.0)	164/175	93.7 (90.7-96.7)	156/161	96.9 (94.6-99.1)
dhps-Ala437Gly	2022	-	-	-	-	156/168	92.9 (89.6-96.1)	-	-	-	-	73/80	91.2 (86.1-96.4)	87/93	93.5 (89.4-97.7)
dhps-Ala437Gly	2023	68/69	98.6 (96.2-100.0)	128/146	87.7 (83.2-92.1)	56/65	86.2 (79.1-93.2)	155/160	96.9 (94.6-99.1)	90/99	90.9 (86.2-95.7)	189/211	89.6 (86.1-93.0)	216/234	92.3 (89.4-95.2)
dhps-Lys540Glu	2021	18/21	85.7 (73.2-98.3)	39/39	100.0 (100.0-100.0)	134/144	93.1 (89.6-96.5)	115/124	92.7 (88.9-96.6)	25/26	96.2 (90.0-100.0)	170/181	93.9 (91.0-96.8)	153/162	94.4 (91.5-97.4)
dhps-Lys540Glu	2022	-	-	-	-	155/167	92.8 (89.5-96.1)	-	-	-	-	72/84	85.7 (79.4-92.0)	86/91	94.5 (90.6-98.4)
dhps-Lys540Glu	2023	71/72	98.6 (96.3-100.0)	132/151	87.4 (83.0-91.9)	57/67	85.1 (77.9-92.2)	160/167	95.8 (93.3-98.4)	90/100	90.0 (85.1-94.9)	191/210	91.0 (87.7-94.2)	221/240	92.1 (89.2-95.0)
dhps-Ala581Gly	2021	0/21	0.0	6/40	15.0 (5.7-24.3)	54/150	36.0 (29.6-42.4)	62/129	48.1 (40.8-55.3)	7/26	26.9 (12.6-41.2)	6/190	3.2 (1.1-5.2)	55/177	31.1 (25.4-36.8)
dhps-Ala581Gly	2022	-	-	-	-	47/168	28.0 (22.3-33.7)	-	-	-	-	3/81	3.7 (0.3-7.2)	28/91	30.8 (22.8-38.7)
dhps-Ala581Gly	2023	1/70	1.4 (0.0-3.8)	26/153	17.0 (12.0-22.0)	17/65	26.2 (17.2-35.1)	69/166	41.6 (35.3-47.9)	11/100	11.0 (5.9-16.1)	18/209	8.6 (5.4-11.8)	49/235	20.9 (16.5-25.2)
dhps-Ala613Ser	2021	0/20	0.0	0/41	0.0	0/148	0.0	0/125	0.0	0/27	0.0	1/189	0.5 (0.0-1.4)	0/175	0.0
dhps-Ala613Ser	2022	-	-	-	-	0/168	0.0	-	-	-	-	0/80	0.0	0/92	0.0
dhps-Ala613Ser	2023	0/70	0.0	0/153	0.0	0/65	0.0	0/155	0.0	0/100	0.0	0/215	0.0	0/242	0.0
dhps-Ala613Thr	2021	0/20	0.0	0/41	0.0	0/148	0.0	0/125	0.0	0/27	0.0	0/189	0.0	0/175	0.0
dhps-Ala613Thr	2022	-	-	-	-	0/168	0.0	-	-	-	-	0/80	0.0	0/92	0.0
dhps-Ala613Thr	2023	0/70	0.0	0/153	0.0	0/65	0.0	0/155	0.0	0/100	0.0	0/215	0.0	0/242	0.0
mdr1-Asn86Tyr	2021	0/20	0.0	0/38	0.0	0/148	0.0	1/121	0.8 (0.0-2.2)	0/26	0.0	0/180	0.0	2/179	1.1 (0.0-2.4)
mdr1-Asn86Tyr	2022	-	-	-	-	0/155	0.0	-	-	-	-	0/64	0.0	0/79	0.0
mdr1-Asn86Tyr	2023	0/65	0.0	1/141	0.7 (0.0-1.9)	0/60	0.0	0/150	0.0	0/96	0.0	0/191	0.0	1/215	0.5 (0.0-1.2)
mdr1-Tyr184Phe	2021	5/22	22.7 (8.0-37.4)	17/38	44.7 (31.5-58.0)	56/150	37.3 (30.8-43.8)	64/130	49.2 (42.0-56.4)	10/27	37.0 (21.8-52.3)	92/185	49.7 (43.7-55.8)	81/181	44.8 (38.7-50.8)
mdr1-Tyr184Phe	2022	-	-	-	-	82/167	49.1 (42.7-55.5)	-	-	-	-	42/80	52.5 (43.3-61.7)	44/94	46.8 (38.3-55.3)
mdr1-Tyr184Phe	2023	25/67	37.3 (27.6-47.0)	75/145	51.7 (44.9-58.5)	18/63	28.6 (19.2-37.9)	85/155	54.8 (48.3-61.4)	56/96	58.3 (50.1-66.6)	96/201	47.8 (42.0-53.6)	116/225	51.6 (46.1-57.0)
mdr1-Ser1034Cys	2021	0/22	0.0	0/39	0.0	0/146	0.0	0/136	0.0	0/27	0.0	1/182	0.5 (0.0-1.5)	0/179	0.0
mdr1-Ser1034Cys	2022	-	-	-	-	0/179	0.0	-	-	-	-	0/85	0.0	0/94	0.0
mdr1-Ser1034Cys	2023	0/68	0.0	0/153	0.0	1/67	1.5 (0.0-3.9)	0/155	0.0	1/97	1.0 (0.0-2.7)	0/202	0.0	0/232	0.0
mdr1-Asn1042Asp	2021	0/22	0.0	0/39	0.0	0/146	0.0	0/136	0.0	0/27	0.0	2/182	1.1 (0.0-2.4)	1/179	0.6 (0.0-1.5)
mdr1-Asn1042Asp	2022	-	-	-	-	0/179	0.0	-	-	-	-	0/85	0.0	0/94	0.0
mdr1-Asn1042Asp	2023	0/68	0.0	0/153	0.0	0/67	0.0	0/155	0.0	0/97	0.0	0/202	0.0	0/232	0.0
mdr1-Asp1246Tyr	2021	0/20	0.0	1/39	2.6 (0.0-6.7)	10/123	8.1 (4.1-12.2)	2/110	1.8 (0.0-3.9)	2/28	7.1 (0.0-15.1)	1/161	0.6 (0.0-1.6)	2/133	1.5 (0.0-3.2)
mdr1-Asp1246Tyr	2022	-	-	-	-	10/174	5.7 (2.8-8.6)	-	-	-	-	0/82	0.0	3/95	3.2 (0.2-6.1)
mdr1-Asp1246Tyr	2023	1/68	1.5 (0.0-3.9)	4/150	2.7 (0.5-4.8)	4/65	6.2 (1.3-11.1)	2/156	1.3 (0.0-2.8)	4/98	4.1 (0.8-7.4)	4/207	1.9 (0.4-3.5)	12/231	5.2 (2.8-7.6)
