District	Latitude	Longitude	crt-Asp24Tyr	crt-Tyr62Asn	crt-Cys72Ser	crt-Val73Leu	crt-Met74Ile	crt-Asn75Glu	crt-Lys76Thr	crt-Thr93Ser	crt-His97Leu	crt-His97Tyr	crt-Cys101Phe	crt-Val141Leu	crt-Phe145Ile	crt-Ile218Phe	crt-Ala220Ser	crt-Gln271Glu	crt-Phe324Leu	crt-Asn326Ser	crt-Met343Leu	crt-Gly353Val	crt-Ala355Thr	crt-Ile356Thr	crt-Arg371Ile	dhfr-ts-Ala16Val	dhfr-ts-Asn51Ile	dhfr-ts-Cys59Arg	dhfr-ts-Ser108Asn	dhfr-ts-Ser108Thr	dhfr-ts-Ile164Leu	dhps-Ile431Val	dhps-Ser436Ala	dhps-Ser436Phe	dhps-Ala437Gly	dhps-Lys540Glu	dhps-Ala581Gly	dhps-Ala613Ser	dhps-Ala613Thr	k13-His136Asn	k13-Asn137Asp	k13-Ala175Thr	k13-Ser182Thr	k13-Lys189Asn	k13-Lys189Thr	k13-Ile205Thr	k13-Thr207Lys	k13-Asn217His	k13-Arg255Lys	k13-Leu258Met	k13-Asn264Thr	k13-Thr348Ile	k13-Ile352Thr	k13-His384Arg	k13-Pro419Ser	k13-Pro441Leu	k13-Phe446Ile	k13-Gly449Ala	k13-Asn458Tyr	k13-Cys469Phe	k13-Cys469Tyr	k13-Met476Ile	k13-Ala481Val	k13-Tyr493His	k13-Arg515Lys	k13-Pro527His	k13-Asn537Asp	k13-Asn537Ile	k13-Gly538Val	k13-Arg539Thr	k13-Ile543Thr	k13-Pro553Leu	k13-Val555Ala	k13-Arg561His	k13-Val568Gly	k13-Pro574Leu	k13-Ala578Ser	k13-Cys580Tyr	k13-Arg622Ile	k13-Pro667Ser	k13-Ala675Val	k13-Phe699Cys	k13-Gly718Ser	mdr1-Asn12Thr	mdr1-Lys34Arg	mdr1-Asn86Tyr	mdr1-Ile111Leu	mdr1-Tyr184Phe	mdr1-Thr199Ser	mdr1-Ser400Cys	mdr1-Asn504Lys	mdr1-Asp550Asn	mdr1-Asp642Asn	mdr1-Asn649Asp	mdr1-Asp650Asn	mdr1-Asp651Asn	mdr1-Asn652Asp	mdr1-Thr749Ile	mdr1-Phe760Ile	mdr1-Ile839Val	mdr1-Phe938Tyr	mdr1-Ser1034Cys	mdr1-Asn1042Asp	mdr1-Phe1194Leu	mdr1-Asn1227Tyr	mdr1-Asp1246Tyr	PM2-Gly116Glu	PM2-Leu117Phe	PM2-Met139Ile	PM2-Thr154Ile	PM2-Leu220Phe	PM2-Asp231Asn	PM2-Asp322His	PM2-Pro379Leu	PM2-Gly388Arg	PM2-Val420Leu	PM2-Pro421Ser	PM2-Gln442His	PM3-Thr13Ile	PM3-Arg36Gly	PM3-Lys77Glu	PM3-Leu111Phe	PM3-Lys144Asn
Karagwe	-1.7191994	31.024272	24/148	2/158	0/164	1/164	5/164	3/164	3/164	0/164	0/164	0/164	1/164	1/157	0/157	0/142	3/142	3/145	0/166	7/166	0/156	0/155	7/155	0/155	3/151	0/162	164/164	144/164	162/162	0/162	59/155	0/168	0/168	0/168	156/168	155/167	47/168	0/168	0/168	2/149	2/149	2/154	2/154	1/154	56/154	8/154	2/158	5/158	7/162	3/162	1/162	1/155	0/155	1/158	2/165	0/157	0/157	0/157	0/157	0/157	0/157	0/165	0/157	0/157	0/157	0/170	0/170	0/170	0/170	0/170	0/170	0/162	1/162	37/162	0/162	0/162	1/170	0/170	0/166	0/170	1/170	3/158	1/158	0/166	1/158	0/155	2/155	82/167	2/167	0/162	3/150	0/156	0/155	18/155	4/155	20/155	3/155	0/156	1/155	0/159	4/163	0/179	0/179	0/162	9/174	10/174	0/149	2/149	0/158	1/154	7/157	3/162	2/165	2/159	7/167	4/166	0/166	156/166	0/165	2/158	1/154	1/162	1/165
Karagwe	-1.7191994	31.024272	16.2	1.3	0.0	0.6	3.0	1.8	1.8	0.0	0.0	0.0	0.6	0.6	0.0	0.0	2.1	2.1	0.0	4.2	0.0	0.0	4.5	0.0	2.0	0.0	100.0	87.8	100.0	0.0	38.1	0.0	0.0	0.0	92.9	92.8	28.0	0.0	0.0	1.3	1.3	1.3	1.3	0.6	36.4	5.2	1.3	3.2	4.3	1.9	0.6	0.6	0.0	0.6	1.2	0.0	0.0	0.0	0.0	0.0	0.0	0.0	0.0	0.0	0.0	0.0	0.0	0.0	0.0	0.0	0.0	0.0	0.6	22.8	0.0	0.0	0.6	0.0	0.0	0.0	0.6	1.9	0.6	0.0	0.6	0.0	1.3	49.1	1.2	0.0	2.0	0.0	0.0	11.6	2.6	12.9	1.9	0.0	0.6	0.0	2.5	0.0	0.0	0.0	5.2	5.7	0.0	1.3	0.0	0.6	4.5	1.9	1.2	1.3	4.2	2.4	0.0	94.0	0.0	1.3	0.6	0.6	0.6
Karagwe	-1.7191994	31.024272	11.8-21.8	0.4-3.8	0.0-1.6	0.1-2.7	1.5-6.1	0.7-4.5	0.7-4.5	0.0-1.6	0.0-1.6	0.0-1.6	0.1-2.7	0.1-2.8	0.0-1.7	0.0-1.9	0.8-5.2	0.8-5.1	0.0-1.6	2.3-7.6	0.0-1.7	0.0-1.7	2.5-8.1	0.0-1.7	0.8-4.9	0.0-1.6	98.4-100.0	83.0-91.4	98.4-100.0	0.0-1.6	31.9-44.6	0.0-1.6	0.0-1.6	0.0-1.6	88.9-95.5	88.8-95.5	22.7-34.0	0.0-1.6	0.0-1.6	0.4-4.0	0.4-4.0	0.4-3.8	0.4-3.8	0.1-2.9	30.3-42.9	3.0-9.0	0.4-3.8	1.5-6.4	2.4-7.8	0.7-4.5	0.1-2.7	0.1-2.8	0.0-1.7	0.1-2.8	0.4-3.6	0.0-1.7	0.0-1.7	0.0-1.7	0.0-1.7	0.0-1.7	0.0-1.7	0.0-1.6	0.0-1.7	0.0-1.7	0.0-1.7	0.0-1.6	0.0-1.6	0.0-1.6	0.0-1.6	0.0-1.6	0.0-1.6	0.0-1.6	0.1-2.7	17.9-28.7	0.0-1.6	0.0-1.6	0.1-2.6	0.0-1.6	0.0-1.6	0.0-1.6	0.1-2.6	0.8-4.7	0.1-2.8	0.0-1.6	0.1-2.8	0.0-1.7	0.4-3.8	42.8-55.4	0.4-3.6	0.0-1.6	0.8-4.9	0.0-1.7	0.0-1.7	8.0-16.5	1.2-5.6	9.1-18.0	0.8-4.7	0.0-1.7	0.1-2.8	0.0-1.7	1.1-5.4	0.0-1.5	0.0-1.5	0.0-1.6	3.0-8.7	3.5-9.4	0.0-1.8	0.4-4.0	0.0-1.7	0.1-2.9	2.4-8.0	0.7-4.5	0.4-3.6	0.4-3.7	2.3-7.6	1.1-5.3	0.0-1.6	90.2-96.4	0.0-1.6	0.4-3.8	0.1-2.9	0.1-2.7	0.1-2.7
Muleba	-1.8032641	31.550203	2/48	0/71	0/76	0/76	1/76	1/76	1/76	0/76	0/76	0/76	0/76	0/65	0/65	0/29	0/29	1/49	0/71	0/71	0/50	0/66	0/66	0/66	3/59	0/75	76/77	69/77	69/69	0/69	2/73	0/80	1/80	0/80	73/80	72/84	3/81	0/80	0/80	0/52	1/52	0/65	1/64	1/64	21/64	0/64	0/71	0/71	1/75	3/75	0/75	0/64	0/64	0/71	0/77	0/67	0/67	0/67	0/67	0/67	0/67	0/83	0/77	0/77	0/77	0/82	0/82	0/82	0/82	0/82	0/82	0/70	0/70	7/70	0/70	0/70	1/81	0/81	0/84	0/86	0/86	0/72	0/72	0/80	0/59	0/64	0/64	42/80	9/80	1/68	1/56	1/65	4/70	6/70	2/70	6/70	2/70	7/70	0/66	1/66	0/69	0/85	0/85	2/69	0/82	0/82	7/62	0/62	0/75	1/64	0/72	0/78	0/78	0/65	1/83	0/75	4/75	72/75	2/75	0/67	0/64	0/70	0/72
Muleba	-1.8032641	31.550203	4.2	0.0	0.0	0.0	1.3	1.3	1.3	0.0	0.0	0.0	0.0	0.0	0.0	0.0	0.0	2.0	0.0	0.0	0.0	0.0	0.0	0.0	5.1	0.0	98.7	89.6	100.0	0.0	2.7	0.0	1.2	0.0	91.2	85.7	3.7	0.0	0.0	0.0	1.9	0.0	1.6	1.6	32.8	0.0	0.0	0.0	1.3	4.0	0.0	0.0	0.0	0.0	0.0	0.0	0.0	0.0	0.0	0.0	0.0	0.0	0.0	0.0	0.0	0.0	0.0	0.0	0.0	0.0	0.0	0.0	0.0	10.0	0.0	0.0	1.2	0.0	0.0	0.0	0.0	0.0	0.0	0.0	0.0	0.0	0.0	52.5	11.2	1.5	1.8	1.5	5.7	8.6	2.9	8.6	2.9	10.0	0.0	1.5	0.0	0.0	0.0	2.9	0.0	0.0	11.3	0.0	0.0	1.6	0.0	0.0	0.0	0.0	1.2	0.0	5.3	96.0	2.7	0.0	0.0	0.0	0.0
Muleba	-1.8032641	31.550203	1.4-11.8	0.0-3.7	0.0-3.4	0.0-3.4	0.3-5.7	0.3-5.7	0.3-5.7	0.0-3.4	0.0-3.4	0.0-3.4	0.0-3.4	0.0-4.0	0.0-4.0	0.0-8.5	0.0-8.5	0.5-8.6	0.0-3.7	0.0-3.7	-0.0-5.1	0.0-3.9	0.0-3.9	0.0-3.9	2.1-12.1	0.0-3.5	94.4-99.7	82.5-94.0	96.2-100.0	0.0-3.8	0.9-7.9	0.0-3.3	0.3-5.4	0.0-3.3	84.6-95.2	78.3-90.9	1.5-8.9	0.0-3.3	0.0-3.3	0.0-4.9	0.4-8.2	0.0-4.0	0.3-6.7	0.3-6.7	24.0-43.0	0.0-4.1	0.0-3.7	0.0-3.7	0.3-5.8	1.6-9.6	0.0-3.5	0.0-4.1	0.0-4.1	0.0-3.7	0.0-3.4	0.0-3.9	0.0-3.9	0.0-3.9	0.0-3.9	0.0-3.9	0.0-3.9	0.0-3.2	0.0-3.4	0.0-3.4	0.0-3.4	0.0-3.2	0.0-3.2	0.0-3.2	0.0-3.2	0.0-3.2	0.0-3.2	0.0-3.7	0.0-3.7	5.5-17.5	0.0-3.7	0.0-3.7	0.3-5.3	0.0-3.2	0.0-3.1	0.0-3.1	0.0-3.1	-0.0-3.6	-0.0-3.6	0.0-3.3	-0.0-4.4	0.0-4.1	0.0-4.1	43.4-61.5	6.7-18.4	0.3-6.3	0.4-7.6	0.3-6.6	2.6-12.1	4.5-15.7	1.0-8.3	4.5-15.7	1.0-8.3	5.5-17.5	0.0-3.9	0.3-6.5	0.0-3.8	0.0-3.1	0.0-3.1	1.0-8.4	0.0-3.2	0.0-3.2	6.2-19.6	0.0-4.2	0.0-3.5	0.3-6.7	-0.0-3.6	0.0-3.4	0.0-3.4	0.0-4.0	0.3-5.2	0.0-3.5	2.4-11.4	90.4-98.4	0.9-7.7	0.0-3.9	0.0-4.1	0.0-3.7	-0.0-3.6
Ngara	-2.4975722	30.598627	6/63	0/88	0/94	1/94	23/94	23/94	23/94	0/94	0/94	0/94	0/94	6/79	0/79	0/56	14/56	14/71	1/87	0/87	0/70	0/87	0/87	0/87	16/75	0/90	92/93	80/93	92/92	1/92	13/94	0/93	0/93	0/93	87/93	86/91	28/91	0/92	0/92	0/69	1/69	1/79	0/79	0/79	8/79	1/79	1/88	0/88	1/92	0/92	0/92	0/79	2/79	0/86	0/94	0/90	0/90	0/90	0/90	0/90	0/90	0/94	0/89	0/89	0/89	1/96	0/96	0/96	0/96	0/96	0/96	0/83	0/83	1/83	1/83	1/83	0/96	0/96	0/99	6/94	0/94	0/85	0/85	1/93	0/79	0/79	0/79	44/94	3/94	0/88	0/73	0/84	0/84	4/84	5/84	4/84	3/84	0/80	0/84	1/86	2/89	0/94	0/94	0/90	1/95	3/95	0/80	1/80	1/92	0/82	4/80	0/89	1/91	0/84	1/94	0/95	1/95	80/95	0/93	0/85	0/84	0/92	0/92
Ngara	-2.4975722	30.598627	9.5	0.0	0.0	1.1	24.5	24.5	24.5	0.0	0.0	0.0	0.0	7.6	0.0	0.0	25.0	19.7	1.1	0.0	0.0	0.0	0.0	0.0	21.3	0.0	98.9	86.0	100.0	1.1	13.8	0.0	0.0	0.0	93.5	94.5	30.8	0.0	0.0	0.0	1.4	1.3	0.0	0.0	10.1	1.3	1.1	0.0	1.1	0.0	0.0	0.0	2.5	0.0	0.0	0.0	0.0	0.0	0.0	0.0	0.0	0.0	0.0	0.0	0.0	1.0	0.0	0.0	0.0	0.0	0.0	0.0	0.0	1.2	1.2	1.2	0.0	0.0	0.0	6.4	0.0	0.0	0.0	1.1	0.0	0.0	0.0	46.8	3.2	0.0	0.0	0.0	0.0	4.8	6.0	4.8	3.6	0.0	0.0	1.2	2.2	0.0	0.0	0.0	1.1	3.2	0.0	1.2	1.1	0.0	5.0	0.0	1.1	0.0	1.1	0.0	1.1	84.2	0.0	0.0	0.0	0.0	0.0
Ngara	-2.4975722	30.598627	5.0-17.4	-0.0-3.0	0.0-2.8	0.2-4.6	18.0-32.4	18.0-32.4	18.0-32.4	0.0-2.8	0.0-2.8	0.0-2.8	0.0-2.8	4.0-14.0	0.0-3.3	0.0-4.6	16.8-35.5	13.1-28.5	0.3-5.0	0.0-3.0	0.0-3.7	0.0-3.0	0.0-3.0	0.0-3.0	14.6-30.0	0.0-2.9	95.3-99.8	79.1-90.9	97.1-100.0	0.2-4.7	9.0-20.7	-0.0-2.8	-0.0-2.8	-0.0-2.8	88.0-96.6	89.1-97.3	23.5-39.2	0.0-2.9	0.0-2.9	0.0-3.8	0.3-6.2	0.3-5.5	0.0-3.3	0.0-3.3	5.8-17.1	0.3-5.5	0.3-4.9	-0.0-3.0	0.2-4.7	0.0-2.9	0.0-2.9	0.0-3.3	0.8-7.4	0.0-3.1	0.0-2.8	0.0-2.9	0.0-2.9	0.0-2.9	0.0-2.9	0.0-2.9	0.0-2.9	0.0-2.8	-0.0-3.0	-0.0-3.0	-0.0-3.0	0.2-4.5	0.0-2.7	0.0-2.7	0.0-2.7	0.0-2.7	0.0-2.7	0.0-3.2	0.0-3.2	0.3-5.2	0.3-5.2	0.3-5.2	0.0-2.7	0.0-2.7	0.0-2.7	3.3-11.9	0.0-2.8	0.0-3.1	0.0-3.1	0.2-4.7	0.0-3.3	0.0-3.3	0.0-3.3	38.6-55.2	1.3-7.7	-0.0-3.0	0.0-3.6	0.0-3.1	0.0-3.1	2.2-10.2	2.9-11.7	2.2-10.2	1.4-8.6	0.0-3.3	0.0-3.1	0.3-5.0	0.7-6.6	0.0-2.8	0.0-2.8	0.0-2.9	0.2-4.6	1.3-7.6	0.0-3.3	0.3-5.4	0.2-4.7	0.0-3.2	2.3-10.7	-0.0-3.0	0.2-4.8	0.0-3.1	0.2-4.6	0.0-2.8	0.2-4.6	77.1-89.4	-0.0-2.8	0.0-3.1	0.0-3.1	0.0-2.9	0.0-2.9
overall			32/259	2/317	0/334	2/334	29/334	27/334	27/334	0/334	0/334	0/334	1/334	7/301	0/301	0/227	17/227	18/265	1/324	7/324	0/276	0/308	7/308	0/308	22/285	0/327	332/334	293/334	323/323	1/323	74/322	0/341	1/341	0/341	316/341	313/342	78/340	0/340	0/340	2/270	4/270	3/298	3/297	2/297	85/297	9/297	3/317	5/317	9/329	6/329	1/329	1/298	2/298	1/315	2/336	0/314	0/314	0/314	0/314	0/314	0/314	0/342	0/323	0/323	0/323	1/348	0/348	0/348	0/348	0/348	0/348	0/315	1/315	45/315	1/315	1/315	2/347	0/347	0/349	6/350	1/350	3/315	1/315	1/339	1/296	0/298	2/298	168/341	14/341	1/318	4/279	1/305	4/309	28/309	11/309	30/309	8/309	7/306	1/305	2/311	6/321	0/358	0/358	2/321	10/351	13/351	7/291	3/291	1/325	2/300	11/309	3/329	3/334	2/308	9/344	4/336	5/336	308/336	2/333	2/310	1/302	1/324	1/329
overall			12.4	0.6	0.0	0.6	8.7	8.1	8.1	0.0	0.0	0.0	0.3	2.3	0.0	0.0	7.5	6.8	0.3	2.2	0.0	0.0	2.3	0.0	7.7	0.0	99.4	87.7	100.0	0.3	23.0	0.0	0.3	0.0	92.7	91.5	22.9	0.0	0.0	0.7	1.5	1.0	1.0	0.7	28.6	3.0	0.9	1.6	2.7	1.8	0.3	0.3	0.7	0.3	0.6	0.0	0.0	0.0	0.0	0.0	0.0	0.0	0.0	0.0	0.0	0.3	0.0	0.0	0.0	0.0	0.0	0.0	0.3	14.3	0.3	0.3	0.6	0.0	0.0	1.7	0.3	1.0	0.3	0.3	0.3	0.0	0.7	49.3	4.1	0.3	1.4	0.3	1.3	9.1	3.6	9.7	2.6	2.3	0.3	0.6	1.9	0.0	0.0	0.6	2.8	3.7	2.4	1.0	0.3	0.7	3.6	0.9	0.9	0.6	2.6	1.2	1.5	91.7	0.6	0.6	0.3	0.3	0.3
overall			9.4-16.1	0.2-1.9	0.0-0.8	0.2-1.8	6.5-11.6	6.0-10.9	6.0-10.9	0.0-0.8	0.0-0.8	0.0-0.8	0.1-1.3	1.3-4.2	-0.0-0.9	0.0-1.2	5.1-10.9	4.7-9.8	0.1-1.4	1.2-3.9	0.0-1.0	0.0-0.9	1.2-4.1	0.0-0.9	5.5-10.7	0.0-0.8	98.2-99.8	84.5-90.4	99.2-100.0	0.1-1.4	19.4-27.1	0.0-0.8	0.1-1.3	0.0-0.8	90.0-94.7	88.7-93.7	19.4-26.9	0.0-0.8	0.0-0.8	0.2-2.2	0.7-3.3	0.4-2.5	0.4-2.5	0.2-2.0	24.5-33.1	1.8-5.1	0.4-2.3	0.8-3.2	1.6-4.6	0.9-3.5	0.1-1.4	0.1-1.5	0.2-2.0	0.1-1.4	0.2-1.8	0.0-0.9	0.0-0.9	0.0-0.9	0.0-0.9	0.0-0.9	0.0-0.9	0.0-0.8	0.0-0.8	0.0-0.8	0.0-0.8	0.1-1.3	0.0-0.8	0.0-0.8	0.0-0.8	0.0-0.8	0.0-0.8	0.0-0.9	0.1-1.4	11.3-17.8	0.1-1.4	0.1-1.4	0.2-1.7	0.0-0.8	-0.0-0.8	0.9-3.3	0.1-1.3	0.4-2.4	0.1-1.4	0.1-1.3	0.1-1.5	0.0-0.9	0.2-2.0	44.8-53.7	2.7-6.3	0.1-1.4	0.6-3.2	0.1-1.5	0.6-2.9	6.7-12.1	2.2-5.7	7.3-12.8	1.5-4.5	1.2-4.2	0.1-1.5	0.2-1.9	1.0-3.6	0.0-0.8	0.0-0.8	0.2-1.9	1.7-4.7	2.4-5.7	1.3-4.4	0.4-2.6	0.1-1.4	0.2-2.0	2.2-5.7	0.4-2.3	0.4-2.2	0.2-1.9	1.5-4.4	0.5-2.6	0.7-3.0	88.8-93.8	0.2-1.8	0.2-1.9	0.1-1.5	0.1-1.4	0.1-1.4
